date_key,date,year,quarter,month,month_name,week_of_year,day_of_week,is_business_day
20240101,2024-01-01,2024,1,1,January,1,Monday,True
20240102,2024-01-02,2024,1,1,January,1,Tuesday,True
20240103,2024-01-03,2024,1,1,January,1,Wednesday,True
20240104,2024-01-04,2024,1,1,January,1,Thursday,True
20240105,2024-01-05,2024,1,1,January,1,Friday,True
20240106,2024-01-06,2024,1,1,January,1,Saturday,False
20240107,2024-01-07,2024,1,1,January,1,Sunday,False
20240108,2024-01-08,2024,1,1,January,2,Monday,True
20240109,2024-01-09,2024,1,1,January,2,Tuesday,True
20240110,2024-01-10,2024,1,1,January,2,Wednesday,True
20240111,2024-01-11,2024,1,1,January,2,Thursday,True
20240112,2024-01-12,2024,1,1,January,2,Friday,True
20240113,2024-01-13,2024,1,1,January,2,Saturday,False
20240114,2024-01-14,2024,1,1,January,2,Sunday,False
20240115,2024-01-15,2024,1,1,January,3,Monday,True
20240116,2024-01-16,2024,1,1,January,3,Tuesday,True
20240117,2024-01-17,2024,1,1,January,3,Wednesday,True
20240118,2024-01-18,2024,1,1,January,3,Thursday,True
20240119,2024-01-19,2024,1,1,January,3,Friday,True
20240120,2024-01-20,2024,1,1,January,3,Saturday,False
20240121,2024-01-21,2024,1,1,January,3,Sunday,False
20240122,2024-01-22,2024,1,1,January,4,Monday,True
20240123,2024-01-23,2024,1,1,January,4,Tuesday,True
20240124,2024-01-24,2024,1,1,January,4,Wednesday,True
20240125,2024-01-25,2024,1,1,January,4,Thursday,True
20240126,2024-01-26,2024,1,1,January,4,Friday,True
20240127,2024-01-27,2024,1,1,January,4,Saturday,False
20240128,2024-01-28,2024,1,1,January,4,Sunday,False
20240129,2024-01-29,2024,1,1,January,5,Monday,True
20240130,2024-01-30,2024,1,1,January,5,Tuesday,True
20240131,2024-01-31,2024,1,1,January,5,Wednesday,True
20240201,2024-02-01,2024,1,2,February,5,Thursday,True
20240202,2024-02-02,2024,1,2,February,5,Friday,True
20240203,2024-02-03,2024,1,2,February,5,Saturday,False
20240204,2024-02-04,2024,1,2,February,5,Sunday,False
20240205,2024-02-05,2024,1,2,February,6,Monday,True
20240206,2024-02-06,2024,1,2,February,6,Tuesday,True
20240207,2024-02-07,2024,1,2,February,6,Wednesday,True
20240208,2024-02-08,2024,1,2,February,6,Thursday,True
20240209,2024-02-09,2024,1,2,February,6,Friday,True
20240210,2024-02-10,2024,1,2,February,6,Saturday,False
20240211,2024-02-11,2024,1,2,February,6,Sunday,False
20240212,2024-02-12,2024,1,2,February,7,Monday,True
20240213,2024-02-13,2024,1,2,February,7,Tuesday,True
20240214,2024-02-14,2024,1,2,February,7,Wednesday,True
20240215,2024-02-15,2024,1,2,February,7,Thursday,True
20240216,2024-02-16,2024,1,2,February,7,Friday,True
20240217,2024-02-17,2024,1,2,February,7,Saturday,False
20240218,2024-02-18,2024,1,2,February,7,Sunday,False
20240219,2024-02-19,2024,1,2,February,8,Monday,True
20240220,2024-02-20,2024,1,2,February,8,Tuesday,True
20240221,2024-02-21,2024,1,2,February,8,Wednesday,True
20240222,2024-02-22,2024,1,2,February,8,Thursday,True
20240223,2024-02-23,2024,1,2,February,8,Friday,True
20240224,2024-02-24,2024,1,2,February,8,Saturday,False
20240225,2024-02-25,2024,1,2,February,8,Sunday,False
20240226,2024-02-26,2024,1,2,February,9,Monday,True
20240227,2024-02-27,2024,1,2,February,9,Tuesday,True
20240228,2024-02-28,2024,1,2,February,9,Wednesday,True
20240229,2024-02-29,2024,1,2,February,9,Thursday,True
20240301,2024-03-01,2024,1,3,March,9,Friday,True
20240302,2024-03-02,2024,1,3,March,9,Saturday,False
20240303,2024-03-03,2024,1,3,March,9,Sunday,False
20240304,2024-03-04,2024,1,3,March,10,Monday,True
20240305,2024-03-05,2024,1,3,March,10,Tuesday,True
20240306,2024-03-06,2024,1,3,March,10,Wednesday,True
20240307,2024-03-07,2024,1,3,March,10,Thursday,True
20240308,2024-03-08,2024,1,3,March,10,Friday,True
20240309,2024-03-09,2024,1,3,March,10,Saturday,False
20240310,2024-03-10,2024,1,3,March,10,Sunday,False
20240311,2024-03-11,2024,1,3,March,11,Monday,True
20240312,2024-03-12,2024,1,3,March,11,Tuesday,True
20240313,2024-03-13,2024,1,3,March,11,Wednesday,True
20240314,2024-03-14,2024,1,3,March,11,Thursday,True
20240315,2024-03-15,2024,1,3,March,11,Friday,True
20240316,2024-03-16,2024,1,3,March,11,Saturday,False
20240317,2024-03-17,2024,1,3,March,11,Sunday,False
20240318,2024-03-18,2024,1,3,March,12,Monday,True
20240319,2024-03-19,2024,1,3,March,12,Tuesday,True
20240320,2024-03-20,2024,1,3,March,12,Wednesday,True
20240321,2024-03-21,2024,1,3,March,12,Thursday,True
20240322,2024-03-22,2024,1,3,March,12,Friday,True
20240323,2024-03-23,2024,1,3,March,12,Saturday,False
20240324,2024-03-24,2024,1,3,March,12,Sunday,False
20240325,2024-03-25,2024,1,3,March,13,Monday,True
20240326,2024-03-26,2024,1,3,March,13,Tuesday,True
20240327,2024-03-27,2024,1,3,March,13,Wednesday,True
20240328,2024-03-28,2024,1,3,March,13,Thursday,True
20240329,2024-03-29,2024,1,3,March,13,Friday,True
20240330,2024-03-30,2024,1,3,March,13,Saturday,False
20240331,2024-03-31,2024,1,3,March,13,Sunday,False
20240401,2024-04-01,2024,2,4,April,14,Monday,True
20240402,2024-04-02,2024,2,4,April,14,Tuesday,True
20240403,2024-04-03,2024,2,4,April,14,Wednesday,True
20240404,2024-04-04,2024,2,4,April,14,Thursday,True
20240405,2024-04-05,2024,2,4,April,14,Friday,True
20240406,2024-04-06,2024,2,4,April,14,Saturday,False
20240407,2024-04-07,2024,2,4,April,14,Sunday,False
20240408,2024-04-08,2024,2,4,April,15,Monday,True
20240409,2024-04-09,2024,2,4,April,15,Tuesday,True
20240410,2024-04-10,2024,2,4,April,15,Wednesday,True
20240411,2024-04-11,2024,2,4,April,15,Thursday,True
20240412,2024-04-12,2024,2,4,April,15,Friday,True
20240413,2024-04-13,2024,2,4,April,15,Saturday,False
20240414,2024-04-14,2024,2,4,April,15,Sunday,False
20240415,2024-04-15,2024,2,4,April,16,Monday,True
20240416,2024-04-16,2024,2,4,April,16,Tuesday,True
20240417,2024-04-17,2024,2,4,April,16,Wednesday,True
20240418,2024-04-18,2024,2,4,April,16,Thursday,True
20240419,2024-04-19,2024,2,4,April,16,Friday,True
20240420,2024-04-20,2024,2,4,April,16,Saturday,False
20240421,2024-04-21,2024,2,4,April,16,Sunday,False
20240422,2024-04-22,2024,2,4,April,17,Monday,True
20240423,2024-04-23,2024,2,4,April,17,Tuesday,True
20240424,2024-04-24,2024,2,4,April,17,Wednesday,True
20240425,2024-04-25,2024,2,4,April,17,Thursday,True
20240426,2024-04-26,2024,2,4,April,17,Friday,True
20240427,2024-04-27,2024,2,4,April,17,Saturday,False
20240428,2024-04-28,2024,2,4,April,17,Sunday,False
20240429,2024-04-29,2024,2,4,April,18,Monday,True
20240430,2024-04-30,2024,2,4,April,18,Tuesday,True
20240501,2024-05-01,2024,2,5,May,18,Wednesday,True
20240502,2024-05-02,2024,2,5,May,18,Thursday,True
20240503,2024-05-03,2024,2,5,May,18,Friday,True
20240504,2024-05-04,2024,2,5,May,18,Saturday,False
20240505,2024-05-05,2024,2,5,May,18,Sunday,False
20240506,2024-05-06,2024,2,5,May,19,Monday,True
20240507,2024-05-07,2024,2,5,May,19,Tuesday,True
20240508,2024-05-08,2024,2,5,May,19,Wednesday,True
20240509,2024-05-09,2024,2,5,May,19,Thursday,True
20240510,2024-05-10,2024,2,5,May,19,Friday,True
20240511,2024-05-11,2024,2,5,May,19,Saturday,False
20240512,2024-05-12,2024,2,5,May,19,Sunday,False
20240513,2024-05-13,2024,2,5,May,20,Monday,True
20240514,2024-05-14,2024,2,5,May,20,Tuesday,True
20240515,2024-05-15,2024,2,5,May,20,Wednesday,True
20240516,2024-05-16,2024,2,5,May,20,Thursday,True
20240517,2024-05-17,2024,2,5,May,20,Friday,True
20240518,2024-05-18,2024,2,5,May,20,Saturday,False
20240519,2024-05-19,2024,2,5,May,20,Sunday,False
20240520,2024-05-20,2024,2,5,May,21,Monday,True
20240521,2024-05-21,2024,2,5,May,21,Tuesday,True
20240522,2024-05-22,2024,2,5,May,21,Wednesday,True
20240523,2024-05-23,2024,2,5,May,21,Thursday,True
20240524,2024-05-24,2024,2,5,May,21,Friday,True
20240525,2024-05-25,2024,2,5,May,21,Saturday,False
20240526,2024-05-26,2024,2,5,May,21,Sunday,False
20240527,2024-05-27,2024,2,5,May,22,Monday,True
20240528,2024-05-28,2024,2,5,May,22,Tuesday,True
20240529,2024-05-29,2024,2,5,May,22,Wednesday,True
20240530,2024-05-30,2024,2,5,May,22,Thursday,True
20240531,2024-05-31,2024,2,5,May,22,Friday,True
20240601,2024-06-01,2024,2,6,June,22,Saturday,False
20240602,2024-06-02,2024,2,6,June,22,Sunday,False
20240603,2024-06-03,2024,2,6,June,23,Monday,True
20240604,2024-06-04,2024,2,6,June,23,Tuesday,True
20240605,2024-06-05,2024,2,6,June,23,Wednesday,True
20240606,2024-06-06,2024,2,6,June,23,Thursday,True
20240607,2024-06-07,2024,2,6,June,23,Friday,True
20240608,2024-06-08,2024,2,6,June,23,Saturday,False
20240609,2024-06-09,2024,2,6,June,23,Sunday,False
20240610,2024-06-10,2024,2,6,June,24,Monday,True
20240611,2024-06-11,2024,2,6,June,24,Tuesday,True
20240612,2024-06-12,2024,2,6,June,24,Wednesday,True
20240613,2024-06-13,2024,2,6,June,24,Thursday,True
20240614,2024-06-14,2024,2,6,June,24,Friday,True
20240615,2024-06-15,2024,2,6,June,24,Saturday,False
20240616,2024-06-16,2024,2,6,June,24,Sunday,False
20240617,2024-06-17,2024,2,6,June,25,Monday,True
20240618,2024-06-18,2024,2,6,June,25,Tuesday,True
20240619,2024-06-19,2024,2,6,June,25,Wednesday,True
20240620,2024-06-20,2024,2,6,June,25,Thursday,True
20240621,2024-06-21,2024,2,6,June,25,Friday,True
20240622,2024-06-22,2024,2,6,June,25,Saturday,False
20240623,2024-06-23,2024,2,6,June,25,Sunday,False
20240624,2024-06-24,2024,2,6,June,26,Monday,True
20240625,2024-06-25,2024,2,6,June,26,Tuesday,True
20240626,2024-06-26,2024,2,6,June,26,Wednesday,True
20240627,2024-06-27,2024,2,6,June,26,Thursday,True
20240628,2024-06-28,2024,2,6,June,26,Friday,True
20240629,2024-06-29,2024,2,6,June,26,Saturday,False
20240630,2024-06-30,2024,2,6,June,26,Sunday,False
20240701,2024-07-01,2024,3,7,July,27,Monday,True
20240702,2024-07-02,2024,3,7,July,27,Tuesday,True
20240703,2024-07-03,2024,3,7,July,27,Wednesday,True
20240704,2024-07-04,2024,3,7,July,27,Thursday,True
20240705,2024-07-05,2024,3,7,July,27,Friday,True
20240706,2024-07-06,2024,3,7,July,27,Saturday,False
20240707,2024-07-07,2024,3,7,July,27,Sunday,False
20240708,2024-07-08,2024,3,7,July,28,Monday,True
20240709,2024-07-09,2024,3,7,July,28,Tuesday,True
20240710,2024-07-10,2024,3,7,July,28,Wednesday,True
20240711,2024-07-11,2024,3,7,July,28,Thursday,True
20240712,2024-07-12,2024,3,7,July,28,Friday,True
20240713,2024-07-13,2024,3,7,July,28,Saturday,False
20240714,2024-07-14,2024,3,7,July,28,Sunday,False
20240715,2024-07-15,2024,3,7,July,29,Monday,True
20240716,2024-07-16,2024,3,7,July,29,Tuesday,True
20240717,2024-07-17,2024,3,7,July,29,Wednesday,True
20240718,2024-07-18,2024,3,7,July,29,Thursday,True
20240719,2024-07-19,2024,3,7,July,29,Friday,True
20240720,2024-07-20,2024,3,7,July,29,Saturday,False
20240721,2024-07-21,2024,3,7,July,29,Sunday,False
20240722,2024-07-22,2024,3,7,July,30,Monday,True
20240723,2024-07-23,2024,3,7,July,30,Tuesday,True
20240724,2024-07-24,2024,3,7,July,30,Wednesday,True
20240725,2024-07-25,2024,3,7,July,30,Thursday,True
20240726,2024-07-26,2024,3,7,July,30,Friday,True
20240727,2024-07-27,2024,3,7,July,30,Saturday,False
20240728,2024-07-28,2024,3,7,July,30,Sunday,False
20240729,2024-07-29,2024,3,7,July,31,Monday,True
20240730,2024-07-30,2024,3,7,July,31,Tuesday,True
20240731,2024-07-31,2024,3,7,July,31,Wednesday,True
20240801,2024-08-01,2024,3,8,August,31,Thursday,True
20240802,2024-08-02,2024,3,8,August,31,Friday,True
20240803,2024-08-03,2024,3,8,August,31,Saturday,False
20240804,2024-08-04,2024,3,8,August,31,Sunday,False
20240805,2024-08-05,2024,3,8,August,32,Monday,True
20240806,2024-08-06,2024,3,8,August,32,Tuesday,True
20240807,2024-08-07,2024,3,8,August,32,Wednesday,True
20240808,2024-08-08,2024,3,8,August,32,Thursday,True
20240809,2024-08-09,2024,3,8,August,32,Friday,True
20240810,2024-08-10,2024,3,8,August,32,Saturday,False
20240811,2024-08-11,2024,3,8,August,32,Sunday,False
20240812,2024-08-12,2024,3,8,August,33,Monday,True
20240813,2024-08-13,2024,3,8,August,33,Tuesday,True
20240814,2024-08-14,2024,3,8,August,33,Wednesday,True
20240815,2024-08-15,2024,3,8,August,33,Thursday,True
20240816,2024-08-16,2024,3,8,August,33,Friday,True
20240817,2024-08-17,2024,3,8,August,33,Saturday,False
20240818,2024-08-18,2024,3,8,August,33,Sunday,False
20240819,2024-08-19,2024,3,8,August,34,Monday,True
20240820,2024-08-20,2024,3,8,August,34,Tuesday,True
20240821,2024-08-21,2024,3,8,August,34,Wednesday,True
20240822,2024-08-22,2024,3,8,August,34,Thursday,True
20240823,2024-08-23,2024,3,8,August,34,Friday,True
20240824,2024-08-24,2024,3,8,August,34,Saturday,False
20240825,2024-08-25,2024,3,8,August,34,Sunday,False
20240826,2024-08-26,2024,3,8,August,35,Monday,True
20240827,2024-08-27,2024,3,8,August,35,Tuesday,True
20240828,2024-08-28,2024,3,8,August,35,Wednesday,True
20240829,2024-08-29,2024,3,8,August,35,Thursday,True
20240830,2024-08-30,2024,3,8,August,35,Friday,True
20240831,2024-08-31,2024,3,8,August,35,Saturday,False
20240901,2024-09-01,2024,3,9,September,35,Sunday,False
20240902,2024-09-02,2024,3,9,September,36,Monday,True
20240903,2024-09-03,2024,3,9,September,36,Tuesday,True
20240904,2024-09-04,2024,3,9,September,36,Wednesday,True
20240905,2024-09-05,2024,3,9,September,36,Thursday,True
20240906,2024-09-06,2024,3,9,September,36,Friday,True
20240907,2024-09-07,2024,3,9,September,36,Saturday,False
20240908,2024-09-08,2024,3,9,September,36,Sunday,False
20240909,2024-09-09,2024,3,9,September,37,Monday,True
20240910,2024-09-10,2024,3,9,September,37,Tuesday,True
20240911,2024-09-11,2024,3,9,September,37,Wednesday,True
20240912,2024-09-12,2024,3,9,September,37,Thursday,True
20240913,2024-09-13,2024,3,9,September,37,Friday,True
20240914,2024-09-14,2024,3,9,September,37,Saturday,False
20240915,2024-09-15,2024,3,9,September,37,Sunday,False
20240916,2024-09-16,2024,3,9,September,38,Monday,True
20240917,2024-09-17,2024,3,9,September,38,Tuesday,True
20240918,2024-09-18,2024,3,9,September,38,Wednesday,True
20240919,2024-09-19,2024,3,9,September,38,Thursday,True
20240920,2024-09-20,2024,3,9,September,38,Friday,True
20240921,2024-09-21,2024,3,9,September,38,Saturday,False
20240922,2024-09-22,2024,3,9,September,38,Sunday,False
20240923,2024-09-23,2024,3,9,September,39,Monday,True
20240924,2024-09-24,2024,3,9,September,39,Tuesday,True
20240925,2024-09-25,2024,3,9,September,39,Wednesday,True
20240926,2024-09-26,2024,3,9,September,39,Thursday,True
20240927,2024-09-27,2024,3,9,September,39,Friday,True
20240928,2024-09-28,2024,3,9,September,39,Saturday,False
20240929,2024-09-29,2024,3,9,September,39,Sunday,False
20240930,2024-09-30,2024,3,9,September,40,Monday,True
20241001,2024-10-01,2024,4,10,October,40,Tuesday,True
20241002,2024-10-02,2024,4,10,October,40,Wednesday,True
20241003,2024-10-03,2024,4,10,October,40,Thursday,True
20241004,2024-10-04,2024,4,10,October,40,Friday,True
20241005,2024-10-05,2024,4,10,October,40,Saturday,False
20241006,2024-10-06,2024,4,10,October,40,Sunday,False
20241007,2024-10-07,2024,4,10,October,41,Monday,True
20241008,2024-10-08,2024,4,10,October,41,Tuesday,True
20241009,2024-10-09,2024,4,10,October,41,Wednesday,True
20241010,2024-10-10,2024,4,10,October,41,Thursday,True
20241011,2024-10-11,2024,4,10,October,41,Friday,True
20241012,2024-10-12,2024,4,10,October,41,Saturday,False
20241013,2024-10-13,2024,4,10,October,41,Sunday,False
20241014,2024-10-14,2024,4,10,October,42,Monday,True
20241015,2024-10-15,2024,4,10,October,42,Tuesday,True
20241016,2024-10-16,2024,4,10,October,42,Wednesday,True
20241017,2024-10-17,2024,4,10,October,42,Thursday,True
20241018,2024-10-18,2024,4,10,October,42,Friday,True
20241019,2024-10-19,2024,4,10,October,42,Saturday,False
20241020,2024-10-20,2024,4,10,October,42,Sunday,False
20241021,2024-10-21,2024,4,10,October,43,Monday,True
20241022,2024-10-22,2024,4,10,October,43,Tuesday,True
20241023,2024-10-23,2024,4,10,October,43,Wednesday,True
20241024,2024-10-24,2024,4,10,October,43,Thursday,True
20241025,2024-10-25,2024,4,10,October,43,Friday,True
20241026,2024-10-26,2024,4,10,October,43,Saturday,False
20241027,2024-10-27,2024,4,10,October,43,Sunday,False
20241028,2024-10-28,2024,4,10,October,44,Monday,True
20241029,2024-10-29,2024,4,10,October,44,Tuesday,True
20241030,2024-10-30,2024,4,10,October,44,Wednesday,True
20241031,2024-10-31,2024,4,10,October,44,Thursday,True
20241101,2024-11-01,2024,4,11,November,44,Friday,True
20241102,2024-11-02,2024,4,11,November,44,Saturday,False
20241103,2024-11-03,2024,4,11,November,44,Sunday,False
20241104,2024-11-04,2024,4,11,November,45,Monday,True
20241105,2024-11-05,2024,4,11,November,45,Tuesday,True
20241106,2024-11-06,2024,4,11,November,45,Wednesday,True
20241107,2024-11-07,2024,4,11,November,45,Thursday,True
20241108,2024-11-08,2024,4,11,November,45,Friday,True
20241109,2024-11-09,2024,4,11,November,45,Saturday,False
20241110,2024-11-10,2024,4,11,November,45,Sunday,False
20241111,2024-11-11,2024,4,11,November,46,Monday,True
20241112,2024-11-12,2024,4,11,November,46,Tuesday,True
20241113,2024-11-13,2024,4,11,November,46,Wednesday,True
20241114,2024-11-14,2024,4,11,November,46,Thursday,True
20241115,2024-11-15,2024,4,11,November,46,Friday,True
20241116,2024-11-16,2024,4,11,November,46,Saturday,False
20241117,2024-11-17,2024,4,11,November,46,Sunday,False
20241118,2024-11-18,2024,4,11,November,47,Monday,True
20241119,2024-11-19,2024,4,11,November,47,Tuesday,True
20241120,2024-11-20,2024,4,11,November,47,Wednesday,True
20241121,2024-11-21,2024,4,11,November,47,Thursday,True
20241122,2024-11-22,2024,4,11,November,47,Friday,True
20241123,2024-11-23,2024,4,11,November,47,Saturday,False
20241124,2024-11-24,2024,4,11,November,47,Sunday,False
20241125,2024-11-25,2024,4,11,November,48,Monday,True
20241126,2024-11-26,2024,4,11,November,48,Tuesday,True
20241127,2024-11-27,2024,4,11,November,48,Wednesday,True
20241128,2024-11-28,2024,4,11,November,48,Thursday,True
20241129,2024-11-29,2024,4,11,November,48,Friday,True
20241130,2024-11-30,2024,4,11,November,48,Saturday,False
20241201,2024-12-01,2024,4,12,December,48,Sunday,False
20241202,2024-12-02,2024,4,12,December,49,Monday,True
20241203,2024-12-03,2024,4,12,December,49,Tuesday,True
20241204,2024-12-04,2024,4,12,December,49,Wednesday,True
20241205,2024-12-05,2024,4,12,December,49,Thursday,True
20241206,2024-12-06,2024,4,12,December,49,Friday,True
20241207,2024-12-07,2024,4,12,December,49,Saturday,False
20241208,2024-12-08,2024,4,12,December,49,Sunday,False
20241209,2024-12-09,2024,4,12,December,50,Monday,True
20241210,2024-12-10,2024,4,12,December,50,Tuesday,True
20241211,2024-12-11,2024,4,12,December,50,Wednesday,True
20241212,2024-12-12,2024,4,12,December,50,Thursday,True
20241213,2024-12-13,2024,4,12,December,50,Friday,True
20241214,2024-12-14,2024,4,12,December,50,Saturday,False
20241215,2024-12-15,2024,4,12,December,50,Sunday,False
20241216,2024-12-16,2024,4,12,December,51,Monday,True
20241217,2024-12-17,2024,4,12,December,51,Tuesday,True
20241218,2024-12-18,2024,4,12,December,51,Wednesday,True
20241219,2024-12-19,2024,4,12,December,51,Thursday,True
20241220,2024-12-20,2024,4,12,December,51,Friday,True
20241221,2024-12-21,2024,4,12,December,51,Saturday,False
20241222,2024-12-22,2024,4,12,December,51,Sunday,False
20241223,2024-12-23,2024,4,12,December,52,Monday,True
20241224,2024-12-24,2024,4,12,December,52,Tuesday,True
20241225,2024-12-25,2024,4,12,December,52,Wednesday,True
20241226,2024-12-26,2024,4,12,December,52,Thursday,True
20241227,2024-12-27,2024,4,12,December,52,Friday,True
20241228,2024-12-28,2024,4,12,December,52,Saturday,False
20241229,2024-12-29,2024,4,12,December,52,Sunday,False
20241230,2024-12-30,2024,4,12,December,1,Monday,True
20241231,2024-12-31,2024,4,12,December,1,Tuesday,True
20250101,2025-01-01,2025,1,1,January,1,Wednesday,True
20250102,2025-01-02,2025,1,1,January,1,Thursday,True
20250103,2025-01-03,2025,1,1,January,1,Friday,True
20250104,2025-01-04,2025,1,1,January,1,Saturday,False
20250105,2025-01-05,2025,1,1,January,1,Sunday,False
20250106,2025-01-06,2025,1,1,January,2,Monday,True
20250107,2025-01-07,2025,1,1,January,2,Tuesday,True
20250108,2025-01-08,2025,1,1,January,2,Wednesday,True
20250109,2025-01-09,2025,1,1,January,2,Thursday,True
20250110,2025-01-10,2025,1,1,January,2,Friday,True
20250111,2025-01-11,2025,1,1,January,2,Saturday,False
20250112,2025-01-12,2025,1,1,January,2,Sunday,False
20250113,2025-01-13,2025,1,1,January,3,Monday,True
20250114,2025-01-14,2025,1,1,January,3,Tuesday,True
20250115,2025-01-15,2025,1,1,January,3,Wednesday,True
20250116,2025-01-16,2025,1,1,January,3,Thursday,True
20250117,2025-01-17,2025,1,1,January,3,Friday,True
20250118,2025-01-18,2025,1,1,January,3,Saturday,False
20250119,2025-01-19,2025,1,1,January,3,Sunday,False
20250120,2025-01-20,2025,1,1,January,4,Monday,True
20250121,2025-01-21,2025,1,1,January,4,Tuesday,True
20250122,2025-01-22,2025,1,1,January,4,Wednesday,True
20250123,2025-01-23,2025,1,1,January,4,Thursday,True
20250124,2025-01-24,2025,1,1,January,4,Friday,True
20250125,2025-01-25,2025,1,1,January,4,Saturday,False
20250126,2025-01-26,2025,1,1,January,4,Sunday,False
20250127,2025-01-27,2025,1,1,January,5,Monday,True
20250128,2025-01-28,2025,1,1,January,5,Tuesday,True
20250129,2025-01-29,2025,1,1,January,5,Wednesday,True
20250130,2025-01-30,2025,1,1,January,5,Thursday,True
20250131,2025-01-31,2025,1,1,January,5,Friday,True
20250201,2025-02-01,2025,1,2,February,5,Saturday,False
20250202,2025-02-02,2025,1,2,February,5,Sunday,False
20250203,2025-02-03,2025,1,2,February,6,Monday,True
20250204,2025-02-04,2025,1,2,February,6,Tuesday,True
20250205,2025-02-05,2025,1,2,February,6,Wednesday,True
20250206,2025-02-06,2025,1,2,February,6,Thursday,True
20250207,2025-02-07,2025,1,2,February,6,Friday,True
20250208,2025-02-08,2025,1,2,February,6,Saturday,False
20250209,2025-02-09,2025,1,2,February,6,Sunday,False
20250210,2025-02-10,2025,1,2,February,7,Monday,True
20250211,2025-02-11,2025,1,2,February,7,Tuesday,True
20250212,2025-02-12,2025,1,2,February,7,Wednesday,True
20250213,2025-02-13,2025,1,2,February,7,Thursday,True
20250214,2025-02-14,2025,1,2,February,7,Friday,True
20250215,2025-02-15,2025,1,2,February,7,Saturday,False
20250216,2025-02-16,2025,1,2,February,7,Sunday,False
20250217,2025-02-17,2025,1,2,February,8,Monday,True
20250218,2025-02-18,2025,1,2,February,8,Tuesday,True
20250219,2025-02-19,2025,1,2,February,8,Wednesday,True
20250220,2025-02-20,2025,1,2,February,8,Thursday,True
20250221,2025-02-21,2025,1,2,February,8,Friday,True
20250222,2025-02-22,2025,1,2,February,8,Saturday,False
20250223,2025-02-23,2025,1,2,February,8,Sunday,False
20250224,2025-02-24,2025,1,2,February,9,Monday,True
20250225,2025-02-25,2025,1,2,February,9,Tuesday,True
20250226,2025-02-26,2025,1,2,February,9,Wednesday,True
20250227,2025-02-27,2025,1,2,February,9,Thursday,True
20250228,2025-02-28,2025,1,2,February,9,Friday,True
20250301,2025-03-01,2025,1,3,March,9,Saturday,False
20250302,2025-03-02,2025,1,3,March,9,Sunday,False
20250303,2025-03-03,2025,1,3,March,10,Monday,True
20250304,2025-03-04,2025,1,3,March,10,Tuesday,True
20250305,2025-03-05,2025,1,3,March,10,Wednesday,True
20250306,2025-03-06,2025,1,3,March,10,Thursday,True
20250307,2025-03-07,2025,1,3,March,10,Friday,True
20250308,2025-03-08,2025,1,3,March,10,Saturday,False
20250309,2025-03-09,2025,1,3,March,10,Sunday,False
20250310,2025-03-10,2025,1,3,March,11,Monday,True
20250311,2025-03-11,2025,1,3,March,11,Tuesday,True
20250312,2025-03-12,2025,1,3,March,11,Wednesday,True
20250313,2025-03-13,2025,1,3,March,11,Thursday,True
20250314,2025-03-14,2025,1,3,March,11,Friday,True
20250315,2025-03-15,2025,1,3,March,11,Saturday,False
20250316,2025-03-16,2025,1,3,March,11,Sunday,False
20250317,2025-03-17,2025,1,3,March,12,Monday,True
20250318,2025-03-18,2025,1,3,March,12,Tuesday,True
20250319,2025-03-19,2025,1,3,March,12,Wednesday,True
20250320,2025-03-20,2025,1,3,March,12,Thursday,True
20250321,2025-03-21,2025,1,3,March,12,Friday,True
20250322,2025-03-22,2025,1,3,March,12,Saturday,False
20250323,2025-03-23,2025,1,3,March,12,Sunday,False
20250324,2025-03-24,2025,1,3,March,13,Monday,True
20250325,2025-03-25,2025,1,3,March,13,Tuesday,True
20250326,2025-03-26,2025,1,3,March,13,Wednesday,True
20250327,2025-03-27,2025,1,3,March,13,Thursday,True
20250328,2025-03-28,2025,1,3,March,13,Friday,True
20250329,2025-03-29,2025,1,3,March,13,Saturday,False
20250330,2025-03-30,2025,1,3,March,13,Sunday,False
20250331,2025-03-31,2025,1,3,March,14,Monday,True
20250401,2025-04-01,2025,2,4,April,14,Tuesday,True
20250402,2025-04-02,2025,2,4,April,14,Wednesday,True
20250403,2025-04-03,2025,2,4,April,14,Thursday,True
20250404,2025-04-04,2025,2,4,April,14,Friday,True
20250405,2025-04-05,2025,2,4,April,14,Saturday,False
20250406,2025-04-06,2025,2,4,April,14,Sunday,False
20250407,2025-04-07,2025,2,4,April,15,Monday,True
20250408,2025-04-08,2025,2,4,April,15,Tuesday,True
20250409,2025-04-09,2025,2,4,April,15,Wednesday,True
20250410,2025-04-10,2025,2,4,April,15,Thursday,True
20250411,2025-04-11,2025,2,4,April,15,Friday,True
20250412,2025-04-12,2025,2,4,April,15,Saturday,False
20250413,2025-04-13,2025,2,4,April,15,Sunday,False
20250414,2025-04-14,2025,2,4,April,16,Monday,True
20250415,2025-04-15,2025,2,4,April,16,Tuesday,True
20250416,2025-04-16,2025,2,4,April,16,Wednesday,True
20250417,2025-04-17,2025,2,4,April,16,Thursday,True
20250418,2025-04-18,2025,2,4,April,16,Friday,True
20250419,2025-04-19,2025,2,4,April,16,Saturday,False
20250420,2025-04-20,2025,2,4,April,16,Sunday,False
20250421,2025-04-21,2025,2,4,April,17,Monday,True
20250422,2025-04-22,2025,2,4,April,17,Tuesday,True
20250423,2025-04-23,2025,2,4,April,17,Wednesday,True
20250424,2025-04-24,2025,2,4,April,17,Thursday,True
20250425,2025-04-25,2025,2,4,April,17,Friday,True
20250426,2025-04-26,2025,2,4,April,17,Saturday,False
20250427,2025-04-27,2025,2,4,April,17,Sunday,False
20250428,2025-04-28,2025,2,4,April,18,Monday,True
20250429,2025-04-29,2025,2,4,April,18,Tuesday,True
20250430,2025-04-30,2025,2,4,April,18,Wednesday,True
20250501,2025-05-01,2025,2,5,May,18,Thursday,True
20250502,2025-05-02,2025,2,5,May,18,Friday,True
20250503,2025-05-03,2025,2,5,May,18,Saturday,False
20250504,2025-05-04,2025,2,5,May,18,Sunday,False
20250505,2025-05-05,2025,2,5,May,19,Monday,True
20250506,2025-05-06,2025,2,5,May,19,Tuesday,True
20250507,2025-05-07,2025,2,5,May,19,Wednesday,True
20250508,2025-05-08,2025,2,5,May,19,Thursday,True
20250509,2025-05-09,2025,2,5,May,19,Friday,True
20250510,2025-05-10,2025,2,5,May,19,Saturday,False
20250511,2025-05-11,2025,2,5,May,19,Sunday,False
20250512,2025-05-12,2025,2,5,May,20,Monday,True
20250513,2025-05-13,2025,2,5,May,20,Tuesday,True
20250514,2025-05-14,2025,2,5,May,20,Wednesday,True
20250515,2025-05-15,2025,2,5,May,20,Thursday,True
20250516,2025-05-16,2025,2,5,May,20,Friday,True
20250517,2025-05-17,2025,2,5,May,20,Saturday,False
20250518,2025-05-18,2025,2,5,May,20,Sunday,False
20250519,2025-05-19,2025,2,5,May,21,Monday,True
20250520,2025-05-20,2025,2,5,May,21,Tuesday,True
20250521,2025-05-21,2025,2,5,May,21,Wednesday,True
20250522,2025-05-22,2025,2,5,May,21,Thursday,True
20250523,2025-05-23,2025,2,5,May,21,Friday,True
20250524,2025-05-24,2025,2,5,May,21,Saturday,False
20250525,2025-05-25,2025,2,5,May,21,Sunday,False
20250526,2025-05-26,2025,2,5,May,22,Monday,True
20250527,2025-05-27,2025,2,5,May,22,Tuesday,True
20250528,2025-05-28,2025,2,5,May,22,Wednesday,True
20250529,2025-05-29,2025,2,5,May,22,Thursday,True
20250530,2025-05-30,2025,2,5,May,22,Friday,True
20250531,2025-05-31,2025,2,5,May,22,Saturday,False
20250601,2025-06-01,2025,2,6,June,22,Sunday,False
20250602,2025-06-02,2025,2,6,June,23,Monday,True
20250603,2025-06-03,2025,2,6,June,23,Tuesday,True
20250604,2025-06-04,2025,2,6,June,23,Wednesday,True
20250605,2025-06-05,2025,2,6,June,23,Thursday,True
20250606,2025-06-06,2025,2,6,June,23,Friday,True
20250607,2025-06-07,2025,2,6,June,23,Saturday,False
20250608,2025-06-08,2025,2,6,June,23,Sunday,False
20250609,2025-06-09,2025,2,6,June,24,Monday,True
20250610,2025-06-10,2025,2,6,June,24,Tuesday,True
20250611,2025-06-11,2025,2,6,June,24,Wednesday,True
20250612,2025-06-12,2025,2,6,June,24,Thursday,True
20250613,2025-06-13,2025,2,6,June,24,Friday,True
20250614,2025-06-14,2025,2,6,June,24,Saturday,False
20250615,2025-06-15,2025,2,6,June,24,Sunday,False
20250616,2025-06-16,2025,2,6,June,25,Monday,True
20250617,2025-06-17,2025,2,6,June,25,Tuesday,True
20250618,2025-06-18,2025,2,6,June,25,Wednesday,True
20250619,2025-06-19,2025,2,6,June,25,Thursday,True
20250620,2025-06-20,2025,2,6,June,25,Friday,True
20250621,2025-06-21,2025,2,6,June,25,Saturday,False
20250622,2025-06-22,2025,2,6,June,25,Sunday,False
20250623,2025-06-23,2025,2,6,June,26,Monday,True
20250624,2025-06-24,2025,2,6,June,26,Tuesday,True
20250625,2025-06-25,2025,2,6,June,26,Wednesday,True
20250626,2025-06-26,2025,2,6,June,26,Thursday,True
20250627,2025-06-27,2025,2,6,June,26,Friday,True
20250628,2025-06-28,2025,2,6,June,26,Saturday,False
20250629,2025-06-29,2025,2,6,June,26,Sunday,False
20250630,2025-06-30,2025,2,6,June,27,Monday,True
20250701,2025-07-01,2025,3,7,July,27,Tuesday,True
20250702,2025-07-02,2025,3,7,July,27,Wednesday,True
20250703,2025-07-03,2025,3,7,July,27,Thursday,True
20250704,2025-07-04,2025,3,7,July,27,Friday,True
20250705,2025-07-05,2025,3,7,July,27,Saturday,False
20250706,2025-07-06,2025,3,7,July,27,Sunday,False
20250707,2025-07-07,2025,3,7,July,28,Monday,True
20250708,2025-07-08,2025,3,7,July,28,Tuesday,True
20250709,2025-07-09,2025,3,7,July,28,Wednesday,True
20250710,2025-07-10,2025,3,7,July,28,Thursday,True
20250711,2025-07-11,2025,3,7,July,28,Friday,True
20250712,2025-07-12,2025,3,7,July,28,Saturday,False
20250713,2025-07-13,2025,3,7,July,28,Sunday,False
20250714,2025-07-14,2025,3,7,July,29,Monday,True
20250715,2025-07-15,2025,3,7,July,29,Tuesday,True
20250716,2025-07-16,2025,3,7,July,29,Wednesday,True
20250717,2025-07-17,2025,3,7,July,29,Thursday,True
20250718,2025-07-18,2025,3,7,July,29,Friday,True
20250719,2025-07-19,2025,3,7,July,29,Saturday,False
20250720,2025-07-20,2025,3,7,July,29,Sunday,False
20250721,2025-07-21,2025,3,7,July,30,Monday,True
20250722,2025-07-22,2025,3,7,July,30,Tuesday,True
20250723,2025-07-23,2025,3,7,July,30,Wednesday,True
20250724,2025-07-24,2025,3,7,July,30,Thursday,True
20250725,2025-07-25,2025,3,7,July,30,Friday,True
20250726,2025-07-26,2025,3,7,July,30,Saturday,False
20250727,2025-07-27,2025,3,7,July,30,Sunday,False
20250728,2025-07-28,2025,3,7,July,31,Monday,True
20250729,2025-07-29,2025,3,7,July,31,Tuesday,True
20250730,2025-07-30,2025,3,7,July,31,Wednesday,True
20250731,2025-07-31,2025,3,7,July,31,Thursday,True
20250801,2025-08-01,2025,3,8,August,31,Friday,True
20250802,2025-08-02,2025,3,8,August,31,Saturday,False
20250803,2025-08-03,2025,3,8,August,31,Sunday,False
20250804,2025-08-04,2025,3,8,August,32,Monday,True
20250805,2025-08-05,2025,3,8,August,32,Tuesday,True
20250806,2025-08-06,2025,3,8,August,32,Wednesday,True
20250807,2025-08-07,2025,3,8,August,32,Thursday,True
20250808,2025-08-08,2025,3,8,August,32,Friday,True
20250809,2025-08-09,2025,3,8,August,32,Saturday,False
20250810,2025-08-10,2025,3,8,August,32,Sunday,False
20250811,2025-08-11,2025,3,8,August,33,Monday,True
20250812,2025-08-12,2025,3,8,August,33,Tuesday,True
20250813,2025-08-13,2025,3,8,August,33,Wednesday,True
20250814,2025-08-14,2025,3,8,August,33,Thursday,True
20250815,2025-08-15,2025,3,8,August,33,Friday,True
20250816,2025-08-16,2025,3,8,August,33,Saturday,False
20250817,2025-08-17,2025,3,8,August,33,Sunday,False
20250818,2025-08-18,2025,3,8,August,34,Monday,True
20250819,2025-08-19,2025,3,8,August,34,Tuesday,True
20250820,2025-08-20,2025,3,8,August,34,Wednesday,True
20250821,2025-08-21,2025,3,8,August,34,Thursday,True
20250822,2025-08-22,2025,3,8,August,34,Friday,True
20250823,2025-08-23,2025,3,8,August,34,Saturday,False
20250824,2025-08-24,2025,3,8,August,34,Sunday,False
20250825,2025-08-25,2025,3,8,August,35,Monday,True
20250826,2025-08-26,2025,3,8,August,35,Tuesday,True
20250827,2025-08-27,2025,3,8,August,35,Wednesday,True
20250828,2025-08-28,2025,3,8,August,35,Thursday,True
20250829,2025-08-29,2025,3,8,August,35,Friday,True
20250830,2025-08-30,2025,3,8,August,35,Saturday,False
20250831,2025-08-31,2025,3,8,August,35,Sunday,False
20250901,2025-09-01,2025,3,9,September,36,Monday,True
20250902,2025-09-02,2025,3,9,September,36,Tuesday,True
20250903,2025-09-03,2025,3,9,September,36,Wednesday,True
20250904,2025-09-04,2025,3,9,September,36,Thursday,True
20250905,2025-09-05,2025,3,9,September,36,Friday,True
20250906,2025-09-06,2025,3,9,September,36,Saturday,False
20250907,2025-09-07,2025,3,9,September,36,Sunday,False
20250908,2025-09-08,2025,3,9,September,37,Monday,True
20250909,2025-09-09,2025,3,9,September,37,Tuesday,True
20250910,2025-09-10,2025,3,9,September,37,Wednesday,True
20250911,2025-09-11,2025,3,9,September,37,Thursday,True
20250912,2025-09-12,2025,3,9,September,37,Friday,True
20250913,2025-09-13,2025,3,9,September,37,Saturday,False
20250914,2025-09-14,2025,3,9,September,37,Sunday,False
20250915,2025-09-15,2025,3,9,September,38,Monday,True
20250916,2025-09-16,2025,3,9,September,38,Tuesday,True
20250917,2025-09-17,2025,3,9,September,38,Wednesday,True
20250918,2025-09-18,2025,3,9,September,38,Thursday,True
20250919,2025-09-19,2025,3,9,September,38,Friday,True
20250920,2025-09-20,2025,3,9,September,38,Saturday,False
20250921,2025-09-21,2025,3,9,September,38,Sunday,False
20250922,2025-09-22,2025,3,9,September,39,Monday,True
20250923,2025-09-23,2025,3,9,September,39,Tuesday,True
20250924,2025-09-24,2025,3,9,September,39,Wednesday,True
20250925,2025-09-25,2025,3,9,September,39,Thursday,True
20250926,2025-09-26,2025,3,9,September,39,Friday,True
20250927,2025-09-27,2025,3,9,September,39,Saturday,False
20250928,2025-09-28,2025,3,9,September,39,Sunday,False
20250929,2025-09-29,2025,3,9,September,40,Monday,True
20250930,2025-09-30,2025,3,9,September,40,Tuesday,True
20251001,2025-10-01,2025,4,10,October,40,Wednesday,True
20251002,2025-10-02,2025,4,10,October,40,Thursday,True
20251003,2025-10-03,2025,4,10,October,40,Friday,True
20251004,2025-10-04,2025,4,10,October,40,Saturday,False
20251005,2025-10-05,2025,4,10,October,40,Sunday,False
20251006,2025-10-06,2025,4,10,October,41,Monday,True
20251007,2025-10-07,2025,4,10,October,41,Tuesday,True
20251008,2025-10-08,2025,4,10,October,41,Wednesday,True
20251009,2025-10-09,2025,4,10,October,41,Thursday,True
20251010,2025-10-10,2025,4,10,October,41,Friday,True
20251011,2025-10-11,2025,4,10,October,41,Saturday,False
20251012,2025-10-12,2025,4,10,October,41,Sunday,False
20251013,2025-10-13,2025,4,10,October,42,Monday,True
20251014,2025-10-14,2025,4,10,October,42,Tuesday,True
20251015,2025-10-15,2025,4,10,October,42,Wednesday,True
20251016,2025-10-16,2025,4,10,October,42,Thursday,True
20251017,2025-10-17,2025,4,10,October,42,Friday,True
20251018,2025-10-18,2025,4,10,October,42,Saturday,False
20251019,2025-10-19,2025,4,10,October,42,Sunday,False
20251020,2025-10-20,2025,4,10,October,43,Monday,True
20251021,2025-10-21,2025,4,10,October,43,Tuesday,True
20251022,2025-10-22,2025,4,10,October,43,Wednesday,True
20251023,2025-10-23,2025,4,10,October,43,Thursday,True
20251024,2025-10-24,2025,4,10,October,43,Friday,True
20251025,2025-10-25,2025,4,10,October,43,Saturday,False
20251026,2025-10-26,2025,4,10,October,43,Sunday,False
20251027,2025-10-27,2025,4,10,October,44,Monday,True
20251028,2025-10-28,2025,4,10,October,44,Tuesday,True
20251029,2025-10-29,2025,4,10,October,44,Wednesday,True
20251030,2025-10-30,2025,4,10,October,44,Thursday,True
20251031,2025-10-31,2025,4,10,October,44,Friday,True
20251101,2025-11-01,2025,4,11,November,44,Saturday,False
20251102,2025-11-02,2025,4,11,November,44,Sunday,False
20251103,2025-11-03,2025,4,11,November,45,Monday,True
20251104,2025-11-04,2025,4,11,November,45,Tuesday,True
20251105,2025-11-05,2025,4,11,November,45,Wednesday,True
20251106,2025-11-06,2025,4,11,November,45,Thursday,True
20251107,2025-11-07,2025,4,11,November,45,Friday,True
20251108,2025-11-08,2025,4,11,November,45,Saturday,False
20251109,2025-11-09,2025,4,11,November,45,Sunday,False
20251110,2025-11-10,2025,4,11,November,46,Monday,True
20251111,2025-11-11,2025,4,11,November,46,Tuesday,True
20251112,2025-11-12,2025,4,11,November,46,Wednesday,True
20251113,2025-11-13,2025,4,11,November,46,Thursday,True
20251114,2025-11-14,2025,4,11,November,46,Friday,True
20251115,2025-11-15,2025,4,11,November,46,Saturday,False
20251116,2025-11-16,2025,4,11,November,46,Sunday,False
20251117,2025-11-17,2025,4,11,November,47,Monday,True
20251118,2025-11-18,2025,4,11,November,47,Tuesday,True
20251119,2025-11-19,2025,4,11,November,47,Wednesday,True
20251120,2025-11-20,2025,4,11,November,47,Thursday,True
20251121,2025-11-21,2025,4,11,November,47,Friday,True
20251122,2025-11-22,2025,4,11,November,47,Saturday,False
20251123,2025-11-23,2025,4,11,November,47,Sunday,False
20251124,2025-11-24,2025,4,11,November,48,Monday,True
20251125,2025-11-25,2025,4,11,November,48,Tuesday,True
20251126,2025-11-26,2025,4,11,November,48,Wednesday,True
20251127,2025-11-27,2025,4,11,November,48,Thursday,True
20251128,2025-11-28,2025,4,11,November,48,Friday,True
20251129,2025-11-29,2025,4,11,November,48,Saturday,False
20251130,2025-11-30,2025,4,11,November,48,Sunday,False
20251201,2025-12-01,2025,4,12,December,49,Monday,True
20251202,2025-12-02,2025,4,12,December,49,Tuesday,True
20251203,2025-12-03,2025,4,12,December,49,Wednesday,True
20251204,2025-12-04,2025,4,12,December,49,Thursday,True
20251205,2025-12-05,2025,4,12,December,49,Friday,True
20251206,2025-12-06,2025,4,12,December,49,Saturday,False
20251207,2025-12-07,2025,4,12,December,49,Sunday,False
20251208,2025-12-08,2025,4,12,December,50,Monday,True
20251209,2025-12-09,2025,4,12,December,50,Tuesday,True
20251210,2025-12-10,2025,4,12,December,50,Wednesday,True
20251211,2025-12-11,2025,4,12,December,50,Thursday,True
20251212,2025-12-12,2025,4,12,December,50,Friday,True
20251213,2025-12-13,2025,4,12,December,50,Saturday,False
20251214,2025-12-14,2025,4,12,December,50,Sunday,False
20251215,2025-12-15,2025,4,12,December,51,Monday,True
20251216,2025-12-16,2025,4,12,December,51,Tuesday,True
20251217,2025-12-17,2025,4,12,December,51,Wednesday,True
20251218,2025-12-18,2025,4,12,December,51,Thursday,True
20251219,2025-12-19,2025,4,12,December,51,Friday,True
20251220,2025-12-20,2025,4,12,December,51,Saturday,False
20251221,2025-12-21,2025,4,12,December,51,Sunday,False
20251222,2025-12-22,2025,4,12,December,52,Monday,True
20251223,2025-12-23,2025,4,12,December,52,Tuesday,True
20251224,2025-12-24,2025,4,12,December,52,Wednesday,True
20251225,2025-12-25,2025,4,12,December,52,Thursday,True
20251226,2025-12-26,2025,4,12,December,52,Friday,True
20251227,2025-12-27,2025,4,12,December,52,Saturday,False
20251228,2025-12-28,2025,4,12,December,52,Sunday,False
20251229,2025-12-29,2025,4,12,December,1,Monday,True
20251230,2025-12-30,2025,4,12,December,1,Tuesday,True
20251231,2025-12-31,2025,4,12,December,1,Wednesday,True
20260101,2026-01-01,2026,1,1,January,1,Thursday,True
20260102,2026-01-02,2026,1,1,January,1,Friday,True
20260103,2026-01-03,2026,1,1,January,1,Saturday,False
20260104,2026-01-04,2026,1,1,January,1,Sunday,False
20260105,2026-01-05,2026,1,1,January,2,Monday,True
20260106,2026-01-06,2026,1,1,January,2,Tuesday,True
20260107,2026-01-07,2026,1,1,January,2,Wednesday,True
20260108,2026-01-08,2026,1,1,January,2,Thursday,True
20260109,2026-01-09,2026,1,1,January,2,Friday,True
20260110,2026-01-10,2026,1,1,January,2,Saturday,False
20260111,2026-01-11,2026,1,1,January,2,Sunday,False
20260112,2026-01-12,2026,1,1,January,3,Monday,True
20260113,2026-01-13,2026,1,1,January,3,Tuesday,True
20260114,2026-01-14,2026,1,1,January,3,Wednesday,True
20260115,2026-01-15,2026,1,1,January,3,Thursday,True
20260116,2026-01-16,2026,1,1,January,3,Friday,True
20260117,2026-01-17,2026,1,1,January,3,Saturday,False
20260118,2026-01-18,2026,1,1,January,3,Sunday,False
20260119,2026-01-19,2026,1,1,January,4,Monday,True
20260120,2026-01-20,2026,1,1,January,4,Tuesday,True
20260121,2026-01-21,2026,1,1,January,4,Wednesday,True
20260122,2026-01-22,2026,1,1,January,4,Thursday,True
20260123,2026-01-23,2026,1,1,January,4,Friday,True
20260124,2026-01-24,2026,1,1,January,4,Saturday,False
20260125,2026-01-25,2026,1,1,January,4,Sunday,False
20260126,2026-01-26,2026,1,1,January,5,Monday,True
20260127,2026-01-27,2026,1,1,January,5,Tuesday,True
20260128,2026-01-28,2026,1,1,January,5,Wednesday,True
20260129,2026-01-29,2026,1,1,January,5,Thursday,True
20260130,2026-01-30,2026,1,1,January,5,Friday,True
20260131,2026-01-31,2026,1,1,January,5,Saturday,False
20260201,2026-02-01,2026,1,2,February,5,Sunday,False
20260202,2026-02-02,2026,1,2,February,6,Monday,True
20260203,2026-02-03,2026,1,2,February,6,Tuesday,True
20260204,2026-02-04,2026,1,2,February,6,Wednesday,True
20260205,2026-02-05,2026,1,2,February,6,Thursday,True
20260206,2026-02-06,2026,1,2,February,6,Friday,True
20260207,2026-02-07,2026,1,2,February,6,Saturday,False
20260208,2026-02-08,2026,1,2,February,6,Sunday,False
20260209,2026-02-09,2026,1,2,February,7,Monday,True
20260210,2026-02-10,2026,1,2,February,7,Tuesday,True
20260211,2026-02-11,2026,1,2,February,7,Wednesday,True
20260212,2026-02-12,2026,1,2,February,7,Thursday,True
20260213,2026-02-13,2026,1,2,February,7,Friday,True
20260214,2026-02-14,2026,1,2,February,7,Saturday,False
20260215,2026-02-15,2026,1,2,February,7,Sunday,False
20260216,2026-02-16,2026,1,2,February,8,Monday,True
20260217,2026-02-17,2026,1,2,February,8,Tuesday,True
20260218,2026-02-18,2026,1,2,February,8,Wednesday,True
20260219,2026-02-19,2026,1,2,February,8,Thursday,True
20260220,2026-02-20,2026,1,2,February,8,Friday,True
20260221,2026-02-21,2026,1,2,February,8,Saturday,False
20260222,2026-02-22,2026,1,2,February,8,Sunday,False
20260223,2026-02-23,2026,1,2,February,9,Monday,True
20260224,2026-02-24,2026,1,2,February,9,Tuesday,True
20260225,2026-02-25,2026,1,2,February,9,Wednesday,True
20260226,2026-02-26,2026,1,2,February,9,Thursday,True
20260227,2026-02-27,2026,1,2,February,9,Friday,True
20260228,2026-02-28,2026,1,2,February,9,Saturday,False
20260301,2026-03-01,2026,1,3,March,9,Sunday,False
20260302,2026-03-02,2026,1,3,March,10,Monday,True
20260303,2026-03-03,2026,1,3,March,10,Tuesday,True
20260304,2026-03-04,2026,1,3,March,10,Wednesday,True
20260305,2026-03-05,2026,1,3,March,10,Thursday,True
20260306,2026-03-06,2026,1,3,March,10,Friday,True
20260307,2026-03-07,2026,1,3,March,10,Saturday,False
20260308,2026-03-08,2026,1,3,March,10,Sunday,False
20260309,2026-03-09,2026,1,3,March,11,Monday,True
20260310,2026-03-10,2026,1,3,March,11,Tuesday,True
20260311,2026-03-11,2026,1,3,March,11,Wednesday,True
20260312,2026-03-12,2026,1,3,March,11,Thursday,True
20260313,2026-03-13,2026,1,3,March,11,Friday,True
20260314,2026-03-14,2026,1,3,March,11,Saturday,False
20260315,2026-03-15,2026,1,3,March,11,Sunday,False
20260316,2026-03-16,2026,1,3,March,12,Monday,True
20260317,2026-03-17,2026,1,3,March,12,Tuesday,True
20260318,2026-03-18,2026,1,3,March,12,Wednesday,True
20260319,2026-03-19,2026,1,3,March,12,Thursday,True
20260320,2026-03-20,2026,1,3,March,12,Friday,True
20260321,2026-03-21,2026,1,3,March,12,Saturday,False
20260322,2026-03-22,2026,1,3,March,12,Sunday,False
20260323,2026-03-23,2026,1,3,March,13,Monday,True
20260324,2026-03-24,2026,1,3,March,13,Tuesday,True
20260325,2026-03-25,2026,1,3,March,13,Wednesday,True
20260326,2026-03-26,2026,1,3,March,13,Thursday,True
20260327,2026-03-27,2026,1,3,March,13,Friday,True
20260328,2026-03-28,2026,1,3,March,13,Saturday,False
20260329,2026-03-29,2026,1,3,March,13,Sunday,False
20260330,2026-03-30,2026,1,3,March,14,Monday,True
20260331,2026-03-31,2026,1,3,March,14,Tuesday,True
20260401,2026-04-01,2026,2,4,April,14,Wednesday,True
20260402,2026-04-02,2026,2,4,April,14,Thursday,True
20260403,2026-04-03,2026,2,4,April,14,Friday,True
20260404,2026-04-04,2026,2,4,April,14,Saturday,False
20260405,2026-04-05,2026,2,4,April,14,Sunday,False
20260406,2026-04-06,2026,2,4,April,15,Monday,True
20260407,2026-04-07,2026,2,4,April,15,Tuesday,True
20260408,2026-04-08,2026,2,4,April,15,Wednesday,True
20260409,2026-04-09,2026,2,4,April,15,Thursday,True
20260410,2026-04-10,2026,2,4,April,15,Friday,True
20260411,2026-04-11,2026,2,4,April,15,Saturday,False
20260412,2026-04-12,2026,2,4,April,15,Sunday,False
20260413,2026-04-13,2026,2,4,April,16,Monday,True
20260414,2026-04-14,2026,2,4,April,16,Tuesday,True
20260415,2026-04-15,2026,2,4,April,16,Wednesday,True
20260416,2026-04-16,2026,2,4,April,16,Thursday,True
20260417,2026-04-17,2026,2,4,April,16,Friday,True
20260418,2026-04-18,2026,2,4,April,16,Saturday,False
20260419,2026-04-19,2026,2,4,April,16,Sunday,False
20260420,2026-04-20,2026,2,4,April,17,Monday,True
20260421,2026-04-21,2026,2,4,April,17,Tuesday,True
20260422,2026-04-22,2026,2,4,April,17,Wednesday,True
20260423,2026-04-23,2026,2,4,April,17,Thursday,True
20260424,2026-04-24,2026,2,4,April,17,Friday,True
20260425,2026-04-25,2026,2,4,April,17,Saturday,False
20260426,2026-04-26,2026,2,4,April,17,Sunday,False
20260427,2026-04-27,2026,2,4,April,18,Monday,True
20260428,2026-04-28,2026,2,4,April,18,Tuesday,True
20260429,2026-04-29,2026,2,4,April,18,Wednesday,True
20260430,2026-04-30,2026,2,4,April,18,Thursday,True
20260501,2026-05-01,2026,2,5,May,18,Friday,True
20260502,2026-05-02,2026,2,5,May,18,Saturday,False
20260503,2026-05-03,2026,2,5,May,18,Sunday,False
20260504,2026-05-04,2026,2,5,May,19,Monday,True
20260505,2026-05-05,2026,2,5,May,19,Tuesday,True
20260506,2026-05-06,2026,2,5,May,19,Wednesday,True
20260507,2026-05-07,2026,2,5,May,19,Thursday,True
20260508,2026-05-08,2026,2,5,May,19,Friday,True
20260509,2026-05-09,2026,2,5,May,19,Saturday,False
20260510,2026-05-10,2026,2,5,May,19,Sunday,False
20260511,2026-05-11,2026,2,5,May,20,Monday,True
20260512,2026-05-12,2026,2,5,May,20,Tuesday,True
20260513,2026-05-13,2026,2,5,May,20,Wednesday,True
20260514,2026-05-14,2026,2,5,May,20,Thursday,True
20260515,2026-05-15,2026,2,5,May,20,Friday,True
20260516,2026-05-16,2026,2,5,May,20,Saturday,False
20260517,2026-05-17,2026,2,5,May,20,Sunday,False
20260518,2026-05-18,2026,2,5,May,21,Monday,True
20260519,2026-05-19,2026,2,5,May,21,Tuesday,True
20260520,2026-05-20,2026,2,5,May,21,Wednesday,True
20260521,2026-05-21,2026,2,5,May,21,Thursday,True
20260522,2026-05-22,2026,2,5,May,21,Friday,True
20260523,2026-05-23,2026,2,5,May,21,Saturday,False
20260524,2026-05-24,2026,2,5,May,21,Sunday,False
20260525,2026-05-25,2026,2,5,May,22,Monday,True
20260526,2026-05-26,2026,2,5,May,22,Tuesday,True
20260527,2026-05-27,2026,2,5,May,22,Wednesday,True
20260528,2026-05-28,2026,2,5,May,22,Thursday,True
20260529,2026-05-29,2026,2,5,May,22,Friday,True
20260530,2026-05-30,2026,2,5,May,22,Saturday,False
20260531,2026-05-31,2026,2,5,May,22,Sunday,False
20260601,2026-06-01,2026,2,6,June,23,Monday,True
20260602,2026-06-02,2026,2,6,June,23,Tuesday,True
20260603,2026-06-03,2026,2,6,June,23,Wednesday,True
20260604,2026-06-04,2026,2,6,June,23,Thursday,True
20260605,2026-06-05,2026,2,6,June,23,Friday,True
20260606,2026-06-06,2026,2,6,June,23,Saturday,False
20260607,2026-06-07,2026,2,6,June,23,Sunday,False
20260608,2026-06-08,2026,2,6,June,24,Monday,True
20260609,2026-06-09,2026,2,6,June,24,Tuesday,True
20260610,2026-06-10,2026,2,6,June,24,Wednesday,True
20260611,2026-06-11,2026,2,6,June,24,Thursday,True
20260612,2026-06-12,2026,2,6,June,24,Friday,True
20260613,2026-06-13,2026,2,6,June,24,Saturday,False
20260614,2026-06-14,2026,2,6,June,24,Sunday,False
20260615,2026-06-15,2026,2,6,June,25,Monday,True
20260616,2026-06-16,2026,2,6,June,25,Tuesday,True
20260617,2026-06-17,2026,2,6,June,25,Wednesday,True
20260618,2026-06-18,2026,2,6,June,25,Thursday,True
20260619,2026-06-19,2026,2,6,June,25,Friday,True
20260620,2026-06-20,2026,2,6,June,25,Saturday,False
20260621,2026-06-21,2026,2,6,June,25,Sunday,False
20260622,2026-06-22,2026,2,6,June,26,Monday,True
20260623,2026-06-23,2026,2,6,June,26,Tuesday,True
20260624,2026-06-24,2026,2,6,June,26,Wednesday,True
20260625,2026-06-25,2026,2,6,June,26,Thursday,True
20260626,2026-06-26,2026,2,6,June,26,Friday,True
20260627,2026-06-27,2026,2,6,June,26,Saturday,False
20260628,2026-06-28,2026,2,6,June,26,Sunday,False
20260629,2026-06-29,2026,2,6,June,27,Monday,True
20260630,2026-06-30,2026,2,6,June,27,Tuesday,True
20260701,2026-07-01,2026,3,7,July,27,Wednesday,True
20260702,2026-07-02,2026,3,7,July,27,Thursday,True
20260703,2026-07-03,2026,3,7,July,27,Friday,True
20260704,2026-07-04,2026,3,7,July,27,Saturday,False
20260705,2026-07-05,2026,3,7,July,27,Sunday,False
20260706,2026-07-06,2026,3,7,July,28,Monday,True
20260707,2026-07-07,2026,3,7,July,28,Tuesday,True
20260708,2026-07-08,2026,3,7,July,28,Wednesday,True
20260709,2026-07-09,2026,3,7,July,28,Thursday,True
20260710,2026-07-10,2026,3,7,July,28,Friday,True
20260711,2026-07-11,2026,3,7,July,28,Saturday,False
20260712,2026-07-12,2026,3,7,July,28,Sunday,False
20260713,2026-07-13,2026,3,7,July,29,Monday,True
20260714,2026-07-14,2026,3,7,July,29,Tuesday,True
20260715,2026-07-15,2026,3,7,July,29,Wednesday,True
20260716,2026-07-16,2026,3,7,July,29,Thursday,True
20260717,2026-07-17,2026,3,7,July,29,Friday,True
20260718,2026-07-18,2026,3,7,July,29,Saturday,False
20260719,2026-07-19,2026,3,7,July,29,Sunday,False
20260720,2026-07-20,2026,3,7,July,30,Monday,True
20260721,2026-07-21,2026,3,7,July,30,Tuesday,True
20260722,2026-07-22,2026,3,7,July,30,Wednesday,True
20260723,2026-07-23,2026,3,7,July,30,Thursday,True
20260724,2026-07-24,2026,3,7,July,30,Friday,True
20260725,2026-07-25,2026,3,7,July,30,Saturday,False
20260726,2026-07-26,2026,3,7,July,30,Sunday,False
20260727,2026-07-27,2026,3,7,July,31,Monday,True
20260728,2026-07-28,2026,3,7,July,31,Tuesday,True
20260729,2026-07-29,2026,3,7,July,31,Wednesday,True
20260730,2026-07-30,2026,3,7,July,31,Thursday,True
20260731,2026-07-31,2026,3,7,July,31,Friday,True
20260801,2026-08-01,2026,3,8,August,31,Saturday,False
20260802,2026-08-02,2026,3,8,August,31,Sunday,False
20260803,2026-08-03,2026,3,8,August,32,Monday,True
20260804,2026-08-04,2026,3,8,August,32,Tuesday,True
20260805,2026-08-05,2026,3,8,August,32,Wednesday,True
20260806,2026-08-06,2026,3,8,August,32,Thursday,True
20260807,2026-08-07,2026,3,8,August,32,Friday,True
20260808,2026-08-08,2026,3,8,August,32,Saturday,False
20260809,2026-08-09,2026,3,8,August,32,Sunday,False
20260810,2026-08-10,2026,3,8,August,33,Monday,True
20260811,2026-08-11,2026,3,8,August,33,Tuesday,True
20260812,2026-08-12,2026,3,8,August,33,Wednesday,True
20260813,2026-08-13,2026,3,8,August,33,Thursday,True
20260814,2026-08-14,2026,3,8,August,33,Friday,True
20260815,2026-08-15,2026,3,8,August,33,Saturday,False
20260816,2026-08-16,2026,3,8,August,33,Sunday,False
20260817,2026-08-17,2026,3,8,August,34,Monday,True
20260818,2026-08-18,2026,3,8,August,34,Tuesday,True
20260819,2026-08-19,2026,3,8,August,34,Wednesday,True
20260820,2026-08-20,2026,3,8,August,34,Thursday,True
20260821,2026-08-21,2026,3,8,August,34,Friday,True
20260822,2026-08-22,2026,3,8,August,34,Saturday,False
20260823,2026-08-23,2026,3,8,August,34,Sunday,False
20260824,2026-08-24,2026,3,8,August,35,Monday,True
20260825,2026-08-25,2026,3,8,August,35,Tuesday,True
20260826,2026-08-26,2026,3,8,August,35,Wednesday,True
20260827,2026-08-27,2026,3,8,August,35,Thursday,True
20260828,2026-08-28,2026,3,8,August,35,Friday,True
20260829,2026-08-29,2026,3,8,August,35,Saturday,False
20260830,2026-08-30,2026,3,8,August,35,Sunday,False
20260831,2026-08-31,2026,3,8,August,36,Monday,True
20260901,2026-09-01,2026,3,9,September,36,Tuesday,True
20260902,2026-09-02,2026,3,9,September,36,Wednesday,True
20260903,2026-09-03,2026,3,9,September,36,Thursday,True
20260904,2026-09-04,2026,3,9,September,36,Friday,True
20260905,2026-09-05,2026,3,9,September,36,Saturday,False
20260906,2026-09-06,2026,3,9,September,36,Sunday,False
20260907,2026-09-07,2026,3,9,September,37,Monday,True
20260908,2026-09-08,2026,3,9,September,37,Tuesday,True
20260909,2026-09-09,2026,3,9,September,37,Wednesday,True
20260910,2026-09-10,2026,3,9,September,37,Thursday,True
20260911,2026-09-11,2026,3,9,September,37,Friday,True
20260912,2026-09-12,2026,3,9,September,37,Saturday,False
20260913,2026-09-13,2026,3,9,September,37,Sunday,False
20260914,2026-09-14,2026,3,9,September,38,Monday,True
20260915,2026-09-15,2026,3,9,September,38,Tuesday,True
20260916,2026-09-16,2026,3,9,September,38,Wednesday,True
20260917,2026-09-17,2026,3,9,September,38,Thursday,True
20260918,2026-09-18,2026,3,9,September,38,Friday,True
20260919,2026-09-19,2026,3,9,September,38,Saturday,False
20260920,2026-09-20,2026,3,9,September,38,Sunday,False
20260921,2026-09-21,2026,3,9,September,39,Monday,True
20260922,2026-09-22,2026,3,9,September,39,Tuesday,True
20260923,2026-09-23,2026,3,9,September,39,Wednesday,True
20260924,2026-09-24,2026,3,9,September,39,Thursday,True
20260925,2026-09-25,2026,3,9,September,39,Friday,True
20260926,2026-09-26,2026,3,9,September,39,Saturday,False
20260927,2026-09-27,2026,3,9,September,39,Sunday,False
20260928,2026-09-28,2026,3,9,September,40,Monday,True
20260929,2026-09-29,2026,3,9,September,40,Tuesday,True
20260930,2026-09-30,2026,3,9,September,40,Wednesday,True
20261001,2026-10-01,2026,4,10,October,40,Thursday,True
20261002,2026-10-02,2026,4,10,October,40,Friday,True
20261003,2026-10-03,2026,4,10,October,40,Saturday,False
20261004,2026-10-04,2026,4,10,October,40,Sunday,False
20261005,2026-10-05,2026,4,10,October,41,Monday,True
20261006,2026-10-06,2026,4,10,October,41,Tuesday,True
20261007,2026-10-07,2026,4,10,October,41,Wednesday,True
20261008,2026-10-08,2026,4,10,October,41,Thursday,True
20261009,2026-10-09,2026,4,10,October,41,Friday,True
20261010,2026-10-10,2026,4,10,October,41,Saturday,False
20261011,2026-10-11,2026,4,10,October,41,Sunday,False
20261012,2026-10-12,2026,4,10,October,42,Monday,True
20261013,2026-10-13,2026,4,10,October,42,Tuesday,True
20261014,2026-10-14,2026,4,10,October,42,Wednesday,True
20261015,2026-10-15,2026,4,10,October,42,Thursday,True
20261016,2026-10-16,2026,4,10,October,42,Friday,True
20261017,2026-10-17,2026,4,10,October,42,Saturday,False
20261018,2026-10-18,2026,4,10,October,42,Sunday,False
20261019,2026-10-19,2026,4,10,October,43,Monday,True
20261020,2026-10-20,2026,4,10,October,43,Tuesday,True
20261021,2026-10-21,2026,4,10,October,43,Wednesday,True
20261022,2026-10-22,2026,4,10,October,43,Thursday,True
20261023,2026-10-23,2026,4,10,October,43,Friday,True
20261024,2026-10-24,2026,4,10,October,43,Saturday,False
20261025,2026-10-25,2026,4,10,October,43,Sunday,False
20261026,2026-10-26,2026,4,10,October,44,Monday,True
20261027,2026-10-27,2026,4,10,October,44,Tuesday,True
20261028,2026-10-28,2026,4,10,October,44,Wednesday,True
20261029,2026-10-29,2026,4,10,October,44,Thursday,True
20261030,2026-10-30,2026,4,10,October,44,Friday,True
20261031,2026-10-31,2026,4,10,October,44,Saturday,False
20261101,2026-11-01,2026,4,11,November,44,Sunday,False
20261102,2026-11-02,2026,4,11,November,45,Monday,True
20261103,2026-11-03,2026,4,11,November,45,Tuesday,True
20261104,2026-11-04,2026,4,11,November,45,Wednesday,True
20261105,2026-11-05,2026,4,11,November,45,Thursday,True
20261106,2026-11-06,2026,4,11,November,45,Friday,True
20261107,2026-11-07,2026,4,11,November,45,Saturday,False
20261108,2026-11-08,2026,4,11,November,45,Sunday,False
20261109,2026-11-09,2026,4,11,November,46,Monday,True
20261110,2026-11-10,2026,4,11,November,46,Tuesday,True
20261111,2026-11-11,2026,4,11,November,46,Wednesday,True
20261112,2026-11-12,2026,4,11,November,46,Thursday,True
20261113,2026-11-13,2026,4,11,November,46,Friday,True
20261114,2026-11-14,2026,4,11,November,46,Saturday,False
20261115,2026-11-15,2026,4,11,November,46,Sunday,False
20261116,2026-11-16,2026,4,11,November,47,Monday,True
20261117,2026-11-17,2026,4,11,November,47,Tuesday,True
20261118,2026-11-18,2026,4,11,November,47,Wednesday,True
20261119,2026-11-19,2026,4,11,November,47,Thursday,True
20261120,2026-11-20,2026,4,11,November,47,Friday,True
20261121,2026-11-21,2026,4,11,November,47,Saturday,False
20261122,2026-11-22,2026,4,11,November,47,Sunday,False
20261123,2026-11-23,2026,4,11,November,48,Monday,True
20261124,2026-11-24,2026,4,11,November,48,Tuesday,True
20261125,2026-11-25,2026,4,11,November,48,Wednesday,True
20261126,2026-11-26,2026,4,11,November,48,Thursday,True
20261127,2026-11-27,2026,4,11,November,48,Friday,True
20261128,2026-11-28,2026,4,11,November,48,Saturday,False
20261129,2026-11-29,2026,4,11,November,48,Sunday,False
20261130,2026-11-30,2026,4,11,November,49,Monday,True
20261201,2026-12-01,2026,4,12,December,49,Tuesday,True
20261202,2026-12-02,2026,4,12,December,49,Wednesday,True
20261203,2026-12-03,2026,4,12,December,49,Thursday,True
20261204,2026-12-04,2026,4,12,December,49,Friday,True
20261205,2026-12-05,2026,4,12,December,49,Saturday,False
20261206,2026-12-06,2026,4,12,December,49,Sunday,False
20261207,2026-12-07,2026,4,12,December,50,Monday,True
20261208,2026-12-08,2026,4,12,December,50,Tuesday,True
20261209,2026-12-09,2026,4,12,December,50,Wednesday,True
20261210,2026-12-10,2026,4,12,December,50,Thursday,True
20261211,2026-12-11,2026,4,12,December,50,Friday,True
20261212,2026-12-12,2026,4,12,December,50,Saturday,False
20261213,2026-12-13,2026,4,12,December,50,Sunday,False
20261214,2026-12-14,2026,4,12,December,51,Monday,True
20261215,2026-12-15,2026,4,12,December,51,Tuesday,True
20261216,2026-12-16,2026,4,12,December,51,Wednesday,True
20261217,2026-12-17,2026,4,12,December,51,Thursday,True
20261218,2026-12-18,2026,4,12,December,51,Friday,True
20261219,2026-12-19,2026,4,12,December,51,Saturday,False
20261220,2026-12-20,2026,4,12,December,51,Sunday,False
20261221,2026-12-21,2026,4,12,December,52,Monday,True
20261222,2026-12-22,2026,4,12,December,52,Tuesday,True
20261223,2026-12-23,2026,4,12,December,52,Wednesday,True
20261224,2026-12-24,2026,4,12,December,52,Thursday,True
20261225,2026-12-25,2026,4,12,December,52,Friday,True
20261226,2026-12-26,2026,4,12,December,52,Saturday,False
20261227,2026-12-27,2026,4,12,December,52,Sunday,False
20261228,2026-12-28,2026,4,12,December,53,Monday,True
20261229,2026-12-29,2026,4,12,December,53,Tuesday,True
20261230,2026-12-30,2026,4,12,December,53,Wednesday,True
20261231,2026-12-31,2026,4,12,December,53,Thursday,True
