invoice_no,line_id,date_key,recognition_date,customer_key,product_key,bucket_key,amount_dkk_expected,amount_dkk_confirmed,cost_dkk,qty_1000,is_seed_revenue,line_type,year
INV-2024-00001,1,2024-08-09,2024-08-09,CUST-017,VAR-013,Product,24179.72,24179.72,1630.76,4.63,True,,2024
INV-2024-00002,2,2024-06-30,2024-06-30,CUST-017,VAR-011,Product,9048.84,9048.84,601.04,2.52,True,,2024
INV-2024-00003,3,2024-06-30,2024-06-30,CUST-017,VAR-027,Product,6799.38,6799.38,492.67,4.26,True,,2024
INV-2024-00004,4,2024-06-30,2024-06-30,CUST-017,VAR-015,Product,15720.72,15720.72,646.86,1.75,True,,2024
INV-2024-00005,5,2024-10-23,2024-10-23,CUST-011,VAR-016,Product,7496.53,7496.53,973.95,4.79,True,,2024
INV-2024-00006,6,2024-10-23,2024-10-23,CUST-011,VAR-014,Product,7076.38,7076.38,821.96,2.4,True,,2024
INV-2024-00007,7,2024-02-17,2024-02-17,CUST-004,VAR-016,Product,9713.09,9713.09,1261.92,6.24,True,,2024
INV-2024-00008,8,2024-01-01,2024-01-01,CUST-011,VAR-017,Product,5801.38,5801.38,299.09,8.0,True,,2024
INV-2024-00009,9,2024-01-01,2024-01-01,CUST-011,VAR-004,Product,13795.15,13795.15,847.74,5.53,True,,2024
INV-2024-00010,10,2024-01-01,2024-01-01,CUST-011,VAR-020,Product,2136.81,2136.81,806.03,4.45,True,,2024
INV-2024-00011,11,2024-06-07,2024-06-07,CUST-017,VAR-010,Product,9036.32,9036.32,1471.86,0.66,True,,2024
INV-2024-00012,12,2024-06-07,2024-06-07,CUST-017,VAR-011,Product,8732.37,8732.37,580.02,6.65,True,,2024
INV-2024-00013,13,2024-06-07,2024-06-07,CUST-017,VAR-014,Product,13514.78,13514.78,1569.82,3.69,True,,2024
INV-2024-00014,14,2024-04-05,2024-04-05,CUST-011,VAR-013,Product,13763.64,13763.64,928.27,2.42,True,,2024
INV-2024-00015,15,2024-04-05,2024-04-05,CUST-011,VAR-026,Product,19282.68,19282.68,8185.89,3.31,True,,2024
INV-2024-00016,16,2024-04-05,2024-04-05,CUST-011,VAR-004,Product,4440.99,0.0,272.91,4.99,True,,2024
INV-2024-00017,17,2024-08-25,2024-08-25,CUST-019,VAR-016,Product,4280.57,4280.57,556.13,3.33,True,,2024
INV-2024-00018,18,2024-04-16,2024-04-16,CUST-001,VAR-021,Product,4612.51,4612.51,332.76,6.28,True,,2024
INV-2024-00019,19,2024-04-16,2024-04-16,CUST-001,VAR-004,Product,1779.71,1779.71,109.37,3.69,True,,2024
INV-2024-00020,20,2024-04-16,2024-04-16,CUST-001,VAR-021,Product,3696.59,3696.59,266.68,3.12,True,,2024
INV-2024-00021,21,2024-02-13,2024-02-13,CUST-015,VAR-011,Product,9800.7,9800.7,650.98,4.97,True,,2024
INV-2024-00022,22,2024-12-08,2024-12-08,CUST-017,VAR-016,Product,3509.95,3509.95,456.01,3.22,True,,2024
INV-2024-00023,23,2024-10-24,2024-10-24,CUST-017,VAR-024,Product,3757.66,3757.66,374.07,3.06,True,,2024
INV-2024-00024,24,2024-05-31,2024-05-31,CUST-017,VAR-020,Product,11146.74,11146.74,4204.67,4.55,True,,2024
INV-2024-00025,25,2024-05-31,2024-05-31,CUST-017,VAR-026,Product,5379.84,5379.84,2283.85,1.66,True,,2024
INV-2024-00026,26,2024-05-31,2024-05-31,CUST-017,VAR-013,Product,16659.96,16659.96,1123.6,5.07,True,,2024
INV-2024-00027,27,2024-09-12,2024-09-12,CUST-011,VAR-002,Product,5901.17,5901.17,2504.74,5.88,True,,2024
INV-2024-00028,28,2024-02-04,2024-02-04,CUST-017,VAR-007,Product,6592.16,6592.16,2710.31,4.3,True,,2024
INV-2024-00029,29,2024-02-04,2024-02-04,CUST-017,VAR-010,Product,5836.28,5836.28,950.63,7.75,True,,2024
INV-2024-00030,30,2024-03-31,2024-03-31,CUST-007,VAR-019,Product,9900.98,9900.98,396.04,0.73,True,,2024
INV-2024-00031,31,2024-02-05,2024-02-05,CUST-017,VAR-031,Product,18224.27,18224.27,2202.29,5.11,True,,2024
INV-2024-00032,32,2024-02-05,2024-02-05,CUST-017,VAR-004,Product,10370.06,10370.06,637.26,6.47,True,,2024
INV-2024-00033,33,2024-02-05,2024-02-05,CUST-017,VAR-017,Product,5203.97,5203.97,268.29,7.95,True,,2024
INV-2024-00034,34,2024-10-20,2024-10-20,CUST-001,VAR-016,Product,3440.0,3440.0,446.92,5.11,True,,2024
INV-2024-00035,35,2024-10-20,2024-10-20,CUST-001,VAR-030,Product,10379.21,10379.21,1279.5,7.49,True,,2024
INV-2024-00036,36,2024-10-20,2024-10-20,CUST-001,VAR-029,Product,16405.04,16405.04,1413.5,1.35,True,,2024
INV-2024-00037,37,2024-07-18,2024-07-18,CUST-017,VAR-017,Product,15805.68,15805.68,814.86,4.02,True,,2024
INV-2024-00038,38,2024-07-18,2024-07-18,CUST-017,VAR-002,Product,3551.8,3551.8,1507.56,6.34,True,,2024
INV-2024-00039,39,2024-07-18,2024-07-18,CUST-017,VAR-031,Product,2536.01,2536.01,306.46,0.74,True,,2024
INV-2024-00040,40,2024-04-14,2024-04-14,CUST-017,VAR-020,Product,1964.03,1964.03,740.85,4.93,True,,2024
INV-2024-00041,41,2024-04-14,2024-04-14,CUST-017,VAR-013,Product,5992.41,5992.41,404.15,6.93,True,,2024
INV-2024-00042,42,2024-04-14,2024-04-14,CUST-017,VAR-024,Product,5922.18,5922.18,589.55,6.14,True,,2024
INV-2024-00043,43,2024-04-29,2024-04-29,CUST-017,VAR-029,Product,7002.52,7002.52,603.36,0.72,True,,2024
INV-2024-00044,44,2024-07-12,2024-07-12,CUST-017,VAR-005,Product,22094.52,22094.52,1545.83,6.15,True,,2024
INV-2024-00045,45,2024-06-24,2024-06-24,CUST-017,VAR-014,Product,11012.93,11012.93,1279.22,6.58,True,,2024
INV-2024-00046,46,2024-06-24,2024-06-24,CUST-017,VAR-004,Product,1745.89,1745.89,107.29,2.7,True,,2024
INV-2024-00047,47,2024-06-24,2024-06-24,CUST-017,VAR-004,Product,3264.17,3264.17,200.59,2.07,True,,2024
INV-2024-00048,48,2024-11-04,2024-11-04,CUST-025,VAR-006,Product,12762.68,12762.68,1300.14,1.93,True,,2024
INV-2024-00049,49,2024-05-29,2024-05-29,CUST-017,VAR-015,Product,14857.05,14857.05,611.32,7.73,True,,2024
INV-2024-00050,50,2024-05-29,2024-05-29,CUST-017,VAR-007,Product,14100.56,14100.56,5797.33,4.13,True,,2024
INV-2024-00051,51,2024-06-13,2024-06-13,CUST-017,VAR-023,Product,8973.23,0.0,1013.53,3.18,True,,2024
INV-2024-00052,52,2024-06-13,2024-06-13,CUST-017,VAR-007,Product,1511.52,1511.52,621.45,2.85,True,,2024
INV-2024-00053,53,2024-06-13,2024-06-13,CUST-017,VAR-031,Product,5425.86,5425.86,655.68,0.76,True,,2024
INV-2024-00054,54,2024-02-10,2024-02-10,CUST-017,VAR-002,Product,8609.63,8609.63,3654.34,7.2,True,,2024
INV-2024-00055,55,2024-02-10,2024-02-10,CUST-017,VAR-020,Product,24020.53,24020.53,9060.81,1.84,True,,2024
INV-2024-00056,56,2024-02-15,2024-02-15,CUST-017,VAR-015,Product,3563.13,3563.13,146.61,7.85,True,,2024
INV-2024-00057,57,2024-02-15,2024-02-15,CUST-017,VAR-017,Product,11001.53,11001.53,567.18,5.95,True,,2024
INV-2024-00058,58,2024-06-16,2024-06-16,CUST-017,VAR-009,Product,8053.14,8053.14,582.82,7.04,True,,2024
INV-2024-00059,59,2024-06-16,2024-06-16,CUST-017,VAR-012,Product,5817.71,5817.71,402.94,7.39,True,,2024
INV-2024-00060,60,2024-07-07,2024-07-07,CUST-017,VAR-017,Product,3030.21,3030.21,156.22,1.83,True,,2024
INV-2024-00061,61,2024-09-09,2024-09-09,CUST-017,VAR-024,Product,10069.44,10069.44,1002.41,1.93,True,,2024
INV-2024-00062,62,2024-09-09,2024-09-09,CUST-017,VAR-024,Product,3945.72,3945.72,392.8,6.55,True,,2024
INV-2024-00063,63,2024-01-08,2024-01-08,CUST-017,VAR-026,Product,6714.06,6714.06,2850.25,3.12,True,,2024
INV-2024-00064,64,2024-11-10,2024-11-10,CUST-011,VAR-001,Product,4871.9,4871.9,225.17,2.11,True,,2024
INV-2024-00065,65,2024-11-10,2024-11-10,CUST-011,VAR-010,Product,12035.79,12035.79,1960.42,2.87,True,,2024
INV-2024-00066,66,2024-11-10,2024-11-10,CUST-011,VAR-010,Product,10081.65,10081.65,1642.12,6.43,True,,2024
INV-2024-00067,67,2024-08-23,2024-08-23,CUST-015,VAR-019,Product,14542.92,14542.92,581.72,3.96,True,,2024
INV-2024-00068,68,2024-08-23,2024-08-23,CUST-015,VAR-014,Product,22686.27,22686.27,2635.14,2.97,True,,2024
INV-2024-00069,69,2024-08-23,2024-08-23,CUST-015,VAR-015,Product,20478.97,20478.97,842.64,6.78,True,,2024
INV-2024-00070,70,2024-11-06,2024-11-06,CUST-011,VAR-015,Product,6849.51,6849.51,281.84,7.04,True,,2024
INV-2024-00071,71,2024-11-06,2024-11-06,CUST-011,VAR-008,Product,14508.68,14508.68,580.35,2.31,True,,2024
INV-2024-00072,72,2024-09-18,2024-09-18,CUST-007,VAR-009,Product,3680.45,3680.45,266.36,5.47,True,,2024
INV-2024-00073,73,2024-09-18,2024-09-18,CUST-007,VAR-029,Product,21446.23,21446.23,1847.86,0.69,True,,2024
INV-2024-00074,74,2024-09-18,2024-09-18,CUST-007,VAR-022,Product,10702.91,10702.91,708.6,1.53,True,,2024
INV-2024-00075,75,2024-08-22,2024-08-22,CUST-025,VAR-028,Product,5359.7,5359.7,2199.05,4.75,True,,2024
INV-2024-00076,76,2024-08-22,2024-08-22,CUST-025,VAR-016,Product,7372.74,7372.74,957.87,0.69,True,,2024
INV-2024-00077,77,2024-03-01,2024-03-01,CUST-017,VAR-028,Product,7760.34,7760.34,3184.02,4.04,True,,2024
INV-2024-00078,78,2024-03-01,2024-03-01,CUST-017,VAR-027,Product,10128.64,10128.64,733.9,2.54,True,,2024
INV-2024-00079,79,2024-04-18,2024-04-18,CUST-004,VAR-005,Product,7678.98,7678.98,537.26,6.08,True,,2024
INV-2024-00080,80,2024-10-21,2024-10-21,CUST-011,VAR-021,Product,6957.72,6957.72,501.95,1.22,True,,2024
INV-2024-00081,81,2024-10-21,2024-10-21,CUST-011,VAR-019,Product,4751.48,4751.48,190.06,3.84,True,,2024
INV-2024-00082,82,2024-09-17,2024-09-17,CUST-006,VAR-005,Product,6099.37,6099.37,426.74,2.07,True,,2024
INV-2024-00083,83,2024-09-17,2024-09-17,CUST-006,VAR-024,Product,20649.26,20649.26,2055.63,2.25,True,,2024
INV-2024-00084,84,2024-09-17,2024-09-17,CUST-006,VAR-025,Product,10470.34,10470.34,1220.68,7.03,True,,2024
INV-2024-00085,85,2024-03-11,2024-03-11,CUST-017,VAR-014,Product,6361.59,6361.59,738.94,4.69,True,,2024
INV-2024-00086,86,2024-07-31,2024-07-31,CUST-017,VAR-022,Product,13963.17,13963.17,924.46,3.93,True,,2024
INV-2024-00087,87,2024-07-31,2024-07-31,CUST-017,VAR-011,Product,18215.04,18215.04,1209.87,3.21,True,,2024
INV-2024-00088,88,2024-05-14,2024-05-14,CUST-013,VAR-018,Product,5607.58,5607.58,495.13,5.97,True,,2024
INV-2024-00089,89,2024-05-14,2024-05-14,CUST-013,VAR-006,Product,2700.71,2700.71,275.12,3.78,True,,2024
INV-2024-00090,90,2024-05-14,2024-05-14,CUST-013,VAR-022,Product,4335.46,4335.46,287.04,3.44,True,,2024
INV-2024-00091,91,2024-03-31,2024-03-31,CUST-004,VAR-024,Product,4875.71,4875.71,485.38,7.46,True,,2024
INV-2024-00092,92,2024-03-31,2024-03-31,CUST-004,VAR-021,Product,10684.31,10684.31,770.8,1.57,True,,2024
INV-2024-00093,93,2024-11-11,2024-11-11,CUST-017,VAR-028,Product,5403.29,5403.29,2216.94,7.14,True,,2024
INV-2024-00094,94,2024-11-11,2024-11-11,CUST-017,VAR-017,Product,9044.91,9044.91,466.31,5.98,True,,2024
INV-2024-00095,95,2024-10-29,2024-10-29,CUST-017,VAR-027,Product,13704.14,13704.14,992.98,3.18,True,,2024
INV-2024-00096,96,2024-10-29,2024-10-29,CUST-017,VAR-021,Product,4535.38,4535.38,327.2,5.23,True,,2024
INV-2024-00097,97,2024-07-08,2024-07-08,CUST-004,VAR-026,Product,2294.86,2294.86,974.21,2.2,True,,2024
INV-2024-00098,98,2024-07-08,2024-07-08,CUST-004,VAR-021,Product,16419.78,16419.78,1184.57,4.74,True,,2024
INV-2024-00099,99,2024-07-08,2024-07-08,CUST-004,VAR-017,Product,8204.1,8204.1,422.96,5.12,True,,2024
INV-2024-00100,100,2024-08-20,2024-08-20,CUST-017,VAR-020,Product,5901.02,5901.02,2225.93,0.9,True,,2024
INV-2024-00101,101,2024-12-10,2024-12-10,CUST-017,VAR-030,Product,9705.26,9705.26,1196.42,5.12,True,,2024
INV-2024-00102,102,2024-12-10,2024-12-10,CUST-017,VAR-015,Product,2368.98,2368.98,97.48,2.17,True,,2024
INV-2024-00103,103,2024-08-18,2024-08-18,CUST-017,VAR-007,Product,9201.89,9201.89,3783.28,3.95,True,,2024
INV-2024-00104,104,2024-08-18,2024-08-18,CUST-017,VAR-001,Product,3626.31,3626.31,167.6,7.18,True,,2024
INV-2024-00105,105,2024-08-18,2024-08-18,CUST-017,VAR-013,Product,9460.84,9460.84,638.07,4.91,True,,2024
INV-2024-00106,106,2024-09-29,2024-09-29,CUST-017,VAR-017,Product,7509.82,7509.82,387.17,7.07,True,,2024
INV-2024-00107,107,2024-09-29,2024-09-29,CUST-017,VAR-002,Product,3311.31,3311.31,1405.48,7.36,True,,2024
INV-2024-00108,108,2024-09-29,2024-09-29,CUST-017,VAR-016,Product,3696.29,3696.29,480.22,3.62,True,,2024
INV-2024-00109,109,2024-08-22,2024-08-22,CUST-017,VAR-003,Product,10319.71,10319.71,1065.54,4.91,True,,2024
INV-2024-00110,110,2024-08-22,2024-08-22,CUST-017,VAR-026,Product,7357.37,7357.37,3123.35,3.89,True,,2024
INV-2024-00111,111,2024-10-16,2024-10-16,CUST-017,VAR-011,Product,2124.3,2124.3,141.1,7.14,True,,2024
INV-2024-00112,112,2024-10-16,2024-10-16,CUST-017,VAR-002,Product,9448.09,9448.09,4010.23,5.87,True,,2024
INV-2024-00113,113,2024-10-16,2024-10-16,CUST-017,VAR-019,Product,4500.58,4500.58,180.02,3.47,True,,2024
INV-2024-00114,114,2024-06-25,2024-06-25,CUST-019,VAR-016,Product,17800.77,17800.77,2312.68,1.8,True,,2024
INV-2024-00115,115,2024-06-25,2024-06-25,CUST-019,VAR-010,Product,4588.89,4588.89,747.45,4.91,True,,2024
INV-2024-00116,116,2024-06-25,2024-06-25,CUST-019,VAR-028,Product,3139.88,3139.88,1288.27,7.04,True,,2024
INV-2024-00117,117,2024-12-13,2024-12-13,CUST-004,VAR-007,Product,9604.78,9604.78,3948.93,7.71,True,,2024
INV-2024-00118,118,2024-09-30,2024-09-30,CUST-017,VAR-010,Product,11059.79,11059.79,1801.44,7.32,True,,2024
INV-2024-00119,119,2024-12-14,2024-12-14,CUST-017,VAR-003,Product,9554.64,9554.64,986.54,4.44,True,,2024
INV-2024-00120,120,2024-12-14,2024-12-14,CUST-017,VAR-011,Product,5342.73,5342.73,354.87,2.79,True,,2024
INV-2024-00121,121,2024-11-28,2024-11-28,CUST-019,VAR-012,Product,9092.67,9092.67,629.77,5.67,True,,2024
INV-2024-00122,122,2024-07-03,2024-07-03,CUST-017,VAR-010,Product,4834.78,4834.78,787.5,2.59,True,,2024
INV-2024-00123,123,2024-07-03,2024-07-03,CUST-017,VAR-026,Product,8064.82,8064.82,3423.68,1.47,True,,2024
INV-2024-00124,124,2024-11-08,2024-11-08,CUST-018,VAR-023,Product,10999.58,10999.58,1242.41,7.28,True,,2024
INV-2024-00125,125,2024-06-02,2024-06-02,CUST-011,VAR-003,Product,5984.78,5984.78,617.94,1.38,True,,2024
INV-2024-00126,126,2024-06-02,2024-06-02,CUST-011,VAR-027,Product,27219.47,27219.47,1972.27,7.85,True,,2024
INV-2024-00127,127,2024-06-02,2024-06-02,CUST-011,VAR-028,Product,7866.73,7866.73,3227.67,7.57,True,,2024
INV-2024-00128,128,2024-08-07,2024-08-07,CUST-017,VAR-023,Product,2269.28,2269.28,256.32,4.76,True,,2024
INV-2024-00129,129,2024-10-21,2024-10-21,CUST-017,VAR-023,Product,8206.69,8206.69,926.95,3.32,True,,2024
INV-2024-00130,130,2024-10-21,2024-10-21,CUST-017,VAR-010,Product,6001.22,6001.22,977.49,0.84,True,,2024
INV-2024-00131,131,2024-10-21,2024-10-21,CUST-017,VAR-006,Product,3884.37,3884.37,395.7,2.66,True,,2024
INV-2024-00132,132,2024-08-28,2024-08-28,CUST-017,VAR-008,Product,6364.74,6364.74,254.59,2.56,True,,2024
INV-2024-00133,133,2024-08-28,2024-08-28,CUST-017,VAR-018,Product,3742.6,3742.6,330.46,6.4,True,,2024
INV-2024-00134,134,2024-06-19,2024-06-19,CUST-003,VAR-009,Product,10615.59,10615.59,768.26,7.5,True,,2024
INV-2024-00135,135,2024-01-17,2024-01-17,CUST-005,VAR-027,Product,1877.99,1877.99,136.08,5.05,True,,2024
INV-2024-00136,136,2024-01-17,2024-01-17,CUST-005,VAR-015,Product,8771.51,8771.51,360.92,6.77,True,,2024
INV-2024-00137,137,2024-01-17,2024-01-17,CUST-005,VAR-019,Product,9282.68,0.0,371.31,1.15,True,,2024
INV-2024-00138,138,2024-01-21,2024-01-21,CUST-017,VAR-004,Product,3404.28,3404.28,209.2,6.05,True,,2024
INV-2024-00139,139,2024-01-21,2024-01-21,CUST-017,VAR-010,Product,7212.29,7212.29,1174.75,4.61,True,,2024
INV-2024-00140,140,2024-06-15,2024-06-15,CUST-017,VAR-007,Product,9968.35,9968.35,4098.41,2.92,True,,2024
INV-2024-00141,141,2024-06-15,2024-06-15,CUST-017,VAR-016,Product,10814.51,10814.51,1405.02,1.45,True,,2024
INV-2024-00142,142,2024-06-15,2024-06-15,CUST-017,VAR-013,Product,26126.41,26126.41,1762.05,3.45,True,,2024
INV-2024-00143,143,2024-04-12,2024-04-12,CUST-004,VAR-025,Product,13994.68,13994.68,1631.56,0.71,True,,2024
INV-2024-00144,144,2024-04-12,2024-04-12,CUST-004,VAR-012,Product,13161.13,13161.13,911.55,7.58,True,,2024
INV-2024-00145,145,2024-11-09,2024-11-09,CUST-017,VAR-028,Product,7676.99,7676.99,3149.82,3.63,True,,2024
INV-2024-00146,146,2024-11-09,2024-11-09,CUST-017,VAR-024,Product,6597.07,6597.07,656.74,2.4,True,,2024
INV-2024-00147,147,2024-12-07,2024-12-07,CUST-017,VAR-004,Product,15505.71,15505.71,952.86,1.32,True,,2024
INV-2024-00148,148,2024-12-07,2024-12-07,CUST-017,VAR-001,Product,5672.92,5672.92,262.19,0.89,True,,2024
INV-2024-00149,149,2024-12-07,2024-12-07,CUST-017,VAR-011,Product,3425.67,3425.67,227.54,5.46,True,,2024
INV-2024-00150,150,2024-03-26,2024-03-26,CUST-017,VAR-024,Product,11626.24,11626.24,1157.39,1.26,True,,2024
INV-2024-00151,151,2024-03-26,2024-03-26,CUST-017,VAR-018,Product,16101.57,16101.57,1421.71,4.52,True,,2024
INV-2024-00152,152,2024-05-31,2024-05-31,CUST-017,VAR-018,Product,3714.17,3714.17,327.95,2.45,True,,2024
INV-2024-00153,153,2024-05-31,2024-05-31,CUST-017,VAR-005,Product,14309.69,14309.69,1001.17,7.25,True,,2024
INV-2024-00154,154,2024-06-21,2024-06-21,CUST-017,VAR-013,Product,7887.37,7887.37,531.95,3.5,True,,2024
INV-2024-00155,155,2024-12-09,2024-12-09,CUST-017,VAR-006,Product,9292.7,9292.7,946.65,6.29,True,,2024
INV-2024-00156,156,2024-12-09,2024-12-09,CUST-017,VAR-009,Product,6105.99,6105.99,441.9,7.32,True,,2024
INV-2024-00157,157,2024-02-23,2024-02-23,CUST-023,VAR-015,Product,14368.29,14368.29,591.21,1.62,True,,2024
INV-2024-00158,158,2024-07-20,2024-07-20,CUST-007,VAR-019,Product,3660.59,3660.59,146.42,2.38,True,,2024
INV-2024-00159,159,2024-09-17,2024-09-17,CUST-017,VAR-009,Product,5003.76,5003.76,362.13,3.32,True,,2024
INV-2024-00160,160,2024-09-17,2024-09-17,CUST-017,VAR-014,Product,6091.27,6091.27,707.54,7.71,True,,2024
INV-2024-00161,161,2024-09-17,2024-09-17,CUST-017,VAR-016,Product,4534.48,4534.48,589.12,4.19,True,,2024
INV-2024-00162,162,2024-05-05,2024-05-05,CUST-017,VAR-017,Product,3759.34,3759.34,193.81,1.29,True,,2024
INV-2024-00163,163,2024-05-05,2024-05-05,CUST-017,VAR-015,Product,14801.05,14801.05,609.02,6.33,True,,2024
INV-2024-00164,164,2024-05-05,2024-05-05,CUST-017,VAR-027,Product,2287.81,2287.81,165.77,1.78,True,,2024
INV-2024-00165,165,2024-07-20,2024-07-20,CUST-025,VAR-015,Product,5775.51,5775.51,237.64,3.63,True,,2024
INV-2024-00166,166,2024-07-20,2024-07-20,CUST-025,VAR-015,Product,11590.51,11590.51,476.91,7.28,True,,2024
INV-2024-00167,167,2024-02-14,2024-02-14,CUST-017,VAR-025,Product,3774.28,3774.28,440.02,3.6,True,,2024
INV-2024-00168,168,2024-02-14,2024-02-14,CUST-017,VAR-005,Product,6049.68,6049.68,423.26,5.36,True,,2024
INV-2024-00169,169,2024-10-20,2024-10-20,CUST-017,VAR-028,Product,4512.53,4512.53,1851.46,3.02,True,,2024
INV-2024-00170,170,2024-06-22,2024-06-22,CUST-003,VAR-031,Product,4937.39,4937.39,596.65,7.85,True,,2024
INV-2024-00171,171,2024-03-11,2024-03-11,CUST-017,VAR-018,Product,6531.63,6531.63,576.72,3.31,True,,2024
INV-2024-00172,172,2024-03-11,2024-03-11,CUST-017,VAR-023,Product,8398.87,8398.87,948.66,4.98,True,,2024
INV-2024-00173,173,2024-03-11,2024-03-11,CUST-017,VAR-002,Product,2103.88,2103.88,892.99,2.73,True,,2024
INV-2024-00174,174,2024-01-17,2024-01-17,CUST-017,VAR-024,Product,2492.31,2492.31,248.11,1.38,True,,2024
INV-2024-00175,175,2024-01-17,2024-01-17,CUST-017,VAR-025,Product,10963.06,10963.06,1278.12,4.05,True,,2024
INV-2024-00176,176,2024-01-17,2024-01-17,CUST-017,VAR-028,Product,12525.72,12525.72,5139.23,4.36,True,,2024
INV-2024-00177,177,2024-11-11,2024-11-11,CUST-004,VAR-001,Product,3506.46,3506.46,162.06,1.47,True,,2024
INV-2024-00178,178,2024-09-26,2024-09-26,CUST-017,VAR-010,Product,2450.06,2450.06,399.07,5.97,True,,2024
INV-2024-00179,179,2024-05-01,2024-05-01,CUST-017,VAR-019,Product,5877.78,5877.78,235.11,7.96,True,,2024
INV-2024-00180,180,2024-05-01,2024-05-01,CUST-017,VAR-017,Product,1479.69,1479.69,76.28,7.52,True,,2024
INV-2024-00181,181,2024-05-01,2024-05-01,CUST-017,VAR-015,Product,4360.42,4360.42,179.42,6.17,True,,2024
INV-2024-00182,182,2024-09-13,2024-09-13,CUST-011,VAR-016,Product,5786.34,5786.34,751.76,4.44,True,,2024
INV-2024-00183,183,2024-03-05,2024-03-05,CUST-017,VAR-031,Product,3928.59,3928.59,474.75,1.52,True,,2024
INV-2024-00184,184,2024-09-29,2024-09-29,CUST-011,VAR-003,Product,3203.63,3203.63,330.78,4.45,True,,2024
INV-2024-00185,185,2024-09-29,2024-09-29,CUST-011,VAR-013,Product,14878.9,14878.9,1003.48,2.39,True,,2024
INV-2024-00186,186,2024-10-19,2024-10-19,CUST-017,VAR-027,Product,9079.65,9079.65,657.9,7.67,True,,2024
INV-2024-00187,187,2024-02-22,2024-02-22,CUST-011,VAR-011,Product,6192.12,6192.12,411.29,4.78,True,,2024
INV-2024-00188,188,2024-03-07,2024-03-07,CUST-015,VAR-031,Product,13098.1,13098.1,1582.83,0.63,True,,2024
INV-2024-00189,189,2024-03-07,2024-03-07,CUST-015,VAR-020,Product,5245.25,5245.25,1978.57,4.51,True,,2024
INV-2024-00190,190,2024-03-31,2024-03-31,CUST-017,VAR-024,Product,3476.8,3476.8,346.12,1.58,True,,2024
INV-2024-00191,191,2024-03-31,2024-03-31,CUST-017,VAR-030,Product,4159.61,4159.61,512.78,5.93,True,,2024
INV-2024-00192,192,2024-03-10,2024-03-10,CUST-019,VAR-029,Product,2571.47,2571.47,221.56,6.87,True,,2024
INV-2024-00193,193,2024-03-10,2024-03-10,CUST-019,VAR-012,Product,3279.02,3279.02,227.11,5.36,True,,2024
INV-2024-00194,194,2024-04-05,2024-04-05,CUST-003,VAR-020,Product,15808.61,15808.61,5963.18,0.72,True,,2024
INV-2024-00195,195,2024-04-05,2024-04-05,CUST-003,VAR-031,Product,12260.24,12260.24,1481.58,4.23,True,,2024
INV-2024-00196,196,2024-12-02,2024-12-02,CUST-004,VAR-002,Product,3075.09,3075.09,1305.22,5.75,True,,2024
INV-2024-00197,197,2024-06-05,2024-06-05,CUST-004,VAR-016,Product,15543.1,15543.1,2019.36,0.94,True,,2024
INV-2024-00198,198,2024-08-04,2024-08-04,CUST-017,VAR-001,Product,17549.62,17549.62,811.1,4.24,True,,2024
INV-2024-00199,199,2024-08-04,2024-08-04,CUST-004,VAR-027,Product,2286.64,2286.64,165.69,3.69,True,,2024
INV-2024-00200,200,2024-08-04,2024-08-04,CUST-004,VAR-023,Product,5795.12,5795.12,654.56,6.21,True,,2024
INV-2024-00201,201,2024-08-04,2024-08-04,CUST-004,VAR-005,Product,6477.31,6477.31,453.18,3.94,True,,2024
INV-2024-00202,202,2024-03-21,2024-03-21,CUST-017,VAR-019,Product,15502.78,15502.78,620.11,6.98,True,,2024
INV-2024-00203,203,2024-03-21,2024-03-21,CUST-017,VAR-028,Product,5838.5,5838.5,2395.5,2.14,True,,2024
INV-2024-00204,204,2024-03-21,2024-03-21,CUST-017,VAR-012,Product,9667.04,9667.04,669.55,6.67,True,,2024
INV-2024-00205,205,2024-12-02,2024-12-02,CUST-017,VAR-021,Product,12276.24,12276.24,885.65,6.66,True,,2024
INV-2024-00206,206,2024-12-02,2024-12-02,CUST-017,VAR-012,Product,7130.91,7130.91,493.89,4.0,True,,2024
INV-2024-00207,207,2024-12-02,2024-12-02,CUST-017,VAR-009,Product,11589.29,11589.29,838.73,1.84,True,,2024
INV-2024-00208,208,2024-11-21,2024-11-21,CUST-025,VAR-014,Product,14454.78,14454.78,1679.01,7.46,True,,2024
INV-2024-00209,209,2024-05-10,2024-05-10,CUST-007,VAR-001,Product,10163.15,10163.15,469.71,3.94,True,,2024
INV-2024-00210,210,2024-05-10,2024-05-10,CUST-007,VAR-005,Product,8289.51,8289.51,579.97,5.6,True,,2024
INV-2024-00211,211,2024-05-10,2024-05-10,CUST-007,VAR-015,Product,2755.27,2755.27,113.37,4.04,True,,2024
INV-2024-00212,212,2024-06-14,2024-06-14,CUST-011,VAR-024,Product,34927.41,34927.41,3477.02,6.48,True,,2024
INV-2024-00213,213,2024-05-03,2024-05-03,CUST-011,VAR-031,Product,2544.56,2544.56,307.49,3.82,True,,2024
INV-2024-00214,214,2024-05-03,2024-05-03,CUST-011,VAR-024,Product,5583.27,0.0,555.81,4.88,True,,2024
INV-2024-00215,215,2024-05-03,2024-05-03,CUST-011,VAR-024,Product,16459.28,16459.28,1638.52,2.86,True,,2024
INV-2024-00216,216,2024-10-11,2024-10-11,CUST-011,VAR-007,Product,11062.63,11062.63,4548.31,0.82,True,,2024
INV-2024-00217,217,2024-10-11,2024-10-11,CUST-011,VAR-005,Product,4587.82,4587.82,320.98,6.27,True,,2024
INV-2024-00218,218,2024-10-11,2024-10-11,CUST-011,VAR-023,Product,6944.63,6944.63,784.4,4.07,True,,2024
INV-2024-00219,219,2024-12-10,2024-12-10,CUST-017,VAR-008,Product,9689.94,9689.94,387.6,7.09,True,,2024
INV-2024-00220,220,2024-07-19,2024-07-19,CUST-017,VAR-002,Product,19190.56,19190.56,8145.4,4.4,True,,2024
INV-2024-00221,221,2024-07-19,2024-07-19,CUST-017,VAR-006,Product,10281.37,10281.37,1047.37,0.77,True,,2024
INV-2024-00222,222,2024-07-19,2024-07-19,CUST-017,VAR-022,Product,3162.87,3162.87,209.4,7.25,True,,2024
INV-2024-00223,223,2024-08-27,2024-08-27,CUST-017,VAR-001,Product,2429.67,2429.67,112.29,7.11,True,,2024
INV-2024-00224,224,2024-08-27,2024-08-27,CUST-017,VAR-022,Product,12402.19,12402.19,821.11,5.56,True,,2024
INV-2024-00225,225,2024-09-04,2024-09-04,CUST-017,VAR-017,Product,2017.76,2017.76,104.02,2.47,True,,2024
INV-2024-00226,226,2024-09-04,2024-09-04,CUST-017,VAR-017,Product,16516.34,16516.34,851.49,3.95,True,,2024
INV-2024-00227,227,2024-05-09,2024-05-09,CUST-019,VAR-029,Product,7834.82,7834.82,675.07,4.49,True,,2024
INV-2024-00228,228,2024-05-09,2024-05-09,CUST-019,VAR-001,Product,1816.85,1816.85,83.97,7.48,True,,2024
INV-2024-00229,229,2024-05-09,2024-05-09,CUST-019,VAR-012,Product,5845.28,5845.28,404.85,2.44,True,,2024
INV-2024-00230,230,2024-07-15,2024-07-15,CUST-004,VAR-005,Product,3703.16,3703.16,259.09,7.44,True,,2024
INV-2024-00231,231,2024-07-15,2024-07-15,CUST-004,VAR-019,Product,11805.25,11805.25,472.21,6.23,True,,2024
INV-2024-00232,232,2024-07-15,2024-07-15,CUST-004,VAR-025,Product,20952.08,20952.08,2442.68,1.25,True,,2024
INV-2024-00233,233,2024-11-07,2024-11-07,CUST-017,VAR-001,Product,11846.96,11846.96,547.53,2.18,True,,2024
INV-2024-00234,234,2024-04-30,2024-04-30,CUST-004,VAR-004,Product,30586.35,30586.35,1879.59,2.61,True,,2024
INV-2024-00235,235,2024-10-28,2024-10-28,CUST-004,VAR-025,Product,7093.75,7093.75,827.02,6.04,True,,2024
INV-2024-00236,236,2024-03-18,2024-03-18,CUST-017,VAR-002,Product,8373.01,8373.01,3553.91,3.33,True,,2024
INV-2024-00237,237,2024-03-18,2024-03-18,CUST-017,VAR-006,Product,6878.39,6878.39,700.7,5.46,True,,2024
INV-2024-00238,238,2024-03-18,2024-03-18,CUST-017,VAR-025,Product,8573.44,8573.44,999.53,7.03,True,,2024
INV-2024-00239,239,2024-04-30,2024-04-30,CUST-017,VAR-002,Product,12075.51,12075.51,5125.43,4.99,True,,2024
INV-2024-00240,240,2024-04-30,2024-04-30,CUST-017,VAR-012,Product,5014.07,5014.07,347.28,1.68,True,,2024
INV-2024-00241,241,2024-04-30,2024-04-30,CUST-017,VAR-026,Product,4578.79,4578.79,1943.79,2.99,True,,2024
INV-2024-00242,242,2024-06-21,2024-06-21,CUST-011,VAR-012,Product,4525.87,4525.87,313.47,3.34,True,,2024
INV-2024-00243,243,2024-06-21,2024-06-21,CUST-011,VAR-016,Product,6509.5,6509.5,845.71,5.02,True,,2024
INV-2024-00244,244,2024-11-11,2024-11-11,CUST-017,VAR-012,Product,16083.96,16083.96,1113.99,1.24,True,,2024
INV-2024-00245,245,2024-11-11,2024-11-11,CUST-017,VAR-030,Product,4794.18,4794.18,591.0,0.81,True,,2024
INV-2024-00246,246,2024-11-11,2024-11-11,CUST-017,VAR-025,Product,2090.17,2090.17,243.68,7.06,True,,2024
INV-2024-00247,247,2024-01-16,2024-01-16,CUST-004,VAR-024,Product,9169.26,9169.26,912.8,2.02,True,,2024
INV-2024-00248,248,2024-10-09,2024-10-09,CUST-017,VAR-020,Product,13224.04,13224.04,4988.25,4.08,True,,2024
INV-2024-00249,249,2024-10-09,2024-10-09,CUST-017,VAR-021,Product,8081.26,8081.26,583.01,4.85,True,,2024
INV-2024-00250,250,2024-10-09,2024-10-09,CUST-017,VAR-016,Product,9500.84,9500.84,1234.35,7.22,True,,2024
INV-2024-00251,251,2024-08-17,2024-08-17,CUST-009,VAR-020,Product,8783.14,8783.14,3313.1,6.42,True,,2024
INV-2024-00252,252,2024-07-01,2024-07-01,CUST-019,VAR-025,Product,24191.41,24191.41,2820.33,6.33,True,,2024
INV-2024-00253,253,2024-07-01,2024-07-01,CUST-019,VAR-027,Product,9488.61,9488.61,687.53,6.28,True,,2024
INV-2024-00254,254,2024-07-01,2024-07-01,CUST-019,VAR-003,Product,10496.25,10496.25,1083.77,7.56,True,,2024
INV-2024-00255,255,2024-09-14,2024-09-14,CUST-017,VAR-004,Product,5475.04,5475.04,336.45,3.39,True,,2024
INV-2024-00256,256,2024-09-14,2024-09-14,CUST-017,VAR-016,Product,5098.58,5098.58,662.41,2.53,True,,2024
INV-2024-00257,257,2024-09-14,2024-09-14,CUST-017,VAR-029,Product,3347.2,3347.2,288.4,4.84,True,,2024
INV-2024-00258,258,2024-03-22,2024-03-22,CUST-004,VAR-030,Product,3147.54,3147.54,388.01,7.86,True,,2024
INV-2024-00259,259,2024-03-22,2024-03-22,CUST-004,VAR-014,Product,11993.42,11993.42,1393.11,1.85,True,,2024
INV-2024-00260,260,2024-03-22,2024-03-22,CUST-004,VAR-001,Product,17397.22,17397.22,804.05,2.45,True,,2024
INV-2024-00261,261,2024-09-04,2024-09-04,CUST-017,VAR-019,Product,4100.9,4100.9,164.04,1.6,True,,2024
INV-2024-00262,262,2024-09-04,2024-09-04,CUST-017,VAR-027,Product,5968.29,5968.29,432.45,4.31,True,,2024
INV-2024-00263,263,2024-09-04,2024-09-04,CUST-017,VAR-029,Product,20336.63,20336.63,1752.26,1.27,True,,2024
INV-2024-00264,264,2024-06-04,2024-06-04,CUST-017,VAR-025,Product,7412.29,7412.29,864.16,4.01,True,,2024
INV-2024-00265,265,2024-06-04,2024-06-04,CUST-017,VAR-002,Product,6246.64,6246.64,2651.38,1.87,True,,2024
INV-2024-00266,266,2024-08-30,2024-08-30,CUST-017,VAR-024,Product,4240.02,4240.02,422.09,5.57,True,,2024
INV-2024-00267,267,2024-08-30,2024-08-30,CUST-017,VAR-006,Product,2143.57,2143.57,218.37,4.44,True,,2024
INV-2024-00268,268,2024-08-30,2024-08-30,CUST-017,VAR-029,Product,3591.95,3591.95,309.49,4.19,True,,2024
INV-2024-00269,269,2024-01-23,2024-01-23,CUST-011,VAR-007,Product,11196.64,11196.64,4603.41,5.28,True,,2024
INV-2024-00270,270,2024-12-14,2024-12-14,CUST-011,VAR-011,Product,7497.09,7497.09,497.97,5.12,True,,2024
INV-2024-00271,271,2024-12-14,2024-12-14,CUST-011,VAR-025,Product,2902.54,2902.54,338.39,5.68,True,,2024
INV-2024-00272,272,2024-12-14,2024-12-14,CUST-011,VAR-029,Product,6890.27,6890.27,593.68,3.13,True,,2024
INV-2024-00273,273,2024-01-28,2024-01-28,CUST-011,VAR-028,Product,11893.68,11893.68,4879.9,7.73,True,,2024
INV-2024-00274,274,2024-01-28,2024-01-28,CUST-011,VAR-026,Product,8862.99,8862.99,3762.52,6.69,True,,2024
INV-2024-00275,275,2024-05-31,2024-05-31,CUST-017,VAR-022,Product,4823.1,4823.1,319.32,5.89,True,,2024
INV-2024-00276,276,2024-09-07,2024-09-07,CUST-017,VAR-016,Product,28902.99,28902.99,3755.08,0.96,True,,2024
INV-2024-00277,277,2024-09-07,2024-09-07,CUST-017,VAR-027,Product,19596.75,19596.75,1419.95,6.92,True,,2024
INV-2024-00278,278,2024-11-20,2024-11-20,CUST-017,VAR-024,Product,13776.19,13776.19,1371.42,7.77,True,,2024
INV-2024-00279,279,2024-11-20,2024-11-20,CUST-017,VAR-029,Product,6866.2,6866.2,591.61,3.03,True,,2024
INV-2024-00280,280,2024-11-20,2024-11-20,CUST-017,VAR-028,Product,13353.25,13353.25,5478.76,7.0,True,,2024
INV-2024-00281,281,2024-03-04,2024-03-04,CUST-022,VAR-030,Product,8959.08,8959.08,1104.43,2.65,True,,2024
INV-2024-00282,282,2024-06-18,2024-06-18,CUST-017,VAR-017,Product,12402.66,12402.66,639.41,7.85,True,,2024
INV-2024-00283,283,2024-06-05,2024-06-05,CUST-017,VAR-020,Product,8133.43,8133.43,3068.02,3.69,True,,2024
INV-2024-00284,284,2024-06-05,2024-06-05,CUST-017,VAR-024,Product,12795.23,12795.23,1273.76,6.11,True,,2024
INV-2024-00285,285,2024-06-05,2024-06-05,CUST-017,VAR-026,Product,8097.37,8097.37,3437.5,6.26,True,,2024
INV-2024-00286,286,2024-05-30,2024-05-30,CUST-004,VAR-014,Product,11264.46,11264.46,1308.43,7.34,True,,2024
INV-2024-00287,287,2024-05-30,2024-05-30,CUST-004,VAR-005,Product,16358.6,16358.6,1144.52,5.78,True,,2024
INV-2024-00288,288,2024-05-30,2024-05-30,CUST-004,VAR-011,Product,16243.78,16243.78,1078.93,4.33,True,,2024
INV-2024-00289,289,2024-05-27,2024-05-27,CUST-017,VAR-005,Product,4106.51,4106.51,287.31,2.92,True,,2024
INV-2024-00290,290,2024-05-27,2024-05-27,CUST-017,VAR-006,Product,7284.64,7284.64,742.09,3.75,True,,2024
INV-2024-00291,291,2024-05-04,2024-05-04,CUST-019,VAR-012,Product,10690.05,10690.05,740.4,1.49,True,,2024
INV-2024-00292,292,2024-05-04,2024-05-04,CUST-019,VAR-029,Product,2739.01,2739.01,236.0,3.03,True,,2024
INV-2024-00293,293,2024-05-04,2024-05-04,CUST-019,VAR-008,Product,7398.25,7398.25,295.93,4.89,True,,2024
INV-2024-00294,294,2024-04-24,2024-04-24,CUST-023,VAR-005,Product,16381.26,16381.26,1146.11,3.77,True,,2024
INV-2024-00295,295,2024-11-18,2024-11-18,CUST-017,VAR-012,Product,4864.28,4864.28,336.9,7.35,True,,2024
INV-2024-00296,296,2024-11-18,2024-11-18,CUST-017,VAR-029,Product,5200.77,5200.77,448.11,7.95,True,,2024
INV-2024-00297,297,2024-04-13,2024-04-13,CUST-019,VAR-006,Product,5373.18,5373.18,547.37,5.28,True,,2024
INV-2024-00298,298,2024-07-09,2024-07-09,CUST-013,VAR-009,Product,1529.63,1529.63,110.7,3.38,True,,2024
INV-2024-00299,299,2024-07-09,2024-07-09,CUST-013,VAR-030,Product,1783.81,1783.81,219.9,4.37,True,,2024
INV-2024-00300,300,2024-02-25,2024-02-25,CUST-017,VAR-020,Product,1694.81,1694.81,639.3,5.86,True,,2024
INV-2024-00301,301,2024-02-25,2024-02-25,CUST-017,VAR-026,Product,5967.37,5967.37,2533.27,1.32,True,,2024
INV-2024-00302,302,2024-03-19,2024-03-19,CUST-017,VAR-003,Product,2580.83,2580.83,266.48,0.93,True,,2024
INV-2024-00303,303,2024-03-19,2024-03-19,CUST-017,VAR-011,Product,7524.55,7524.55,499.79,2.65,True,,2024
INV-2024-00304,304,2024-06-27,2024-06-27,CUST-004,VAR-005,Product,8200.2,8200.2,573.72,4.02,True,,2024
INV-2024-00305,305,2024-06-27,2024-06-27,CUST-004,VAR-005,Product,6047.05,6047.05,423.08,4.12,True,,2024
INV-2024-00306,306,2024-06-27,2024-06-27,CUST-004,VAR-025,Product,12003.42,12003.42,1399.41,6.4,True,,2024
INV-2024-00307,307,2024-03-11,2024-03-11,CUST-011,VAR-006,Product,5362.0,5362.0,546.23,1.33,True,,2024
INV-2024-00308,308,2024-03-11,2024-03-11,CUST-011,VAR-022,Product,9986.82,9986.82,661.19,2.42,True,,2024
INV-2024-00309,309,2024-02-28,2024-02-28,CUST-017,VAR-003,Product,5911.53,5911.53,610.38,7.69,True,,2024
INV-2024-00310,310,2024-02-28,2024-02-28,CUST-017,VAR-017,Product,2673.45,2673.45,137.83,7.83,True,,2024
INV-2024-00311,311,2024-02-28,2024-02-28,CUST-017,VAR-022,Product,10481.55,10481.55,693.95,4.35,True,,2024
INV-2024-00312,312,2024-08-21,2024-08-21,CUST-009,VAR-005,Product,6280.29,6280.29,439.4,3.73,True,,2024
INV-2024-00313,313,2024-08-21,2024-08-21,CUST-009,VAR-031,Product,3600.62,3600.62,435.11,4.93,True,,2024
INV-2024-00314,314,2024-10-11,2024-10-11,CUST-005,VAR-021,Product,10754.06,10754.06,775.83,2.93,True,,2024
INV-2024-00315,315,2024-10-11,2024-10-11,CUST-005,VAR-008,Product,16002.04,16002.04,640.08,2.56,True,,2024
INV-2024-00316,316,2024-10-11,2024-10-11,CUST-005,VAR-021,Product,12740.77,12740.77,919.16,0.96,True,,2024
INV-2024-00317,317,2024-04-22,2024-04-22,CUST-026,VAR-026,Product,16973.89,16973.89,7205.76,6.54,True,,2024
INV-2024-00318,318,2024-04-22,2024-04-22,CUST-026,VAR-029,Product,8095.98,8095.98,697.57,2.94,True,,2024
INV-2024-00319,319,2024-04-22,2024-04-22,CUST-026,VAR-008,Product,11670.62,11670.62,466.82,4.99,True,,2024
INV-2024-00320,320,2024-04-25,2024-04-25,CUST-021,VAR-027,Product,3100.01,3100.01,224.62,4.72,True,,2024
INV-2024-00321,321,2024-11-25,2024-11-25,CUST-019,VAR-001,Product,1836.9,1836.9,84.9,2.23,True,,2024
INV-2024-00322,322,2024-11-25,2024-11-25,CUST-019,VAR-003,Product,17904.54,17904.54,1848.69,5.27,True,,2024
INV-2024-00323,323,2024-11-25,2024-11-25,CUST-019,VAR-005,Product,11538.73,11538.73,807.3,3.1,True,,2024
INV-2024-00324,324,2024-09-02,2024-09-02,CUST-017,VAR-008,Product,22859.3,22859.3,914.37,6.87,True,,2024
INV-2024-00325,325,2024-01-28,2024-01-28,CUST-023,VAR-014,Product,3627.86,3627.86,421.4,3.49,True,,2024
INV-2024-00326,326,2024-01-28,2024-01-28,CUST-023,VAR-030,Product,6130.91,6130.91,755.79,1.54,True,,2024
INV-2024-00327,327,2024-01-28,2024-01-28,CUST-023,VAR-024,Product,3270.53,3270.53,325.58,3.19,True,,2024
INV-2024-00328,328,2024-05-19,2024-05-19,CUST-004,VAR-023,Product,8975.22,8975.22,1013.75,2.15,True,,2024
INV-2024-00329,329,2024-05-19,2024-05-19,CUST-004,VAR-020,Product,6402.06,6402.06,2414.93,1.33,True,,2024
INV-2024-00330,330,2024-05-19,2024-05-19,CUST-004,VAR-030,Product,3980.37,3980.37,490.68,7.88,True,,2024
INV-2024-00331,331,2024-12-06,2024-12-06,CUST-004,VAR-001,Product,12556.99,12556.99,580.35,2.83,True,,2024
INV-2024-00332,332,2024-04-25,2024-04-25,CUST-017,VAR-011,Product,1129.9,1129.9,75.05,5.75,True,,2024
INV-2024-00333,333,2024-05-06,2024-05-06,CUST-017,VAR-008,Product,13123.63,13123.63,524.95,6.31,True,,2024
INV-2024-00334,334,2024-05-30,2024-05-30,CUST-017,VAR-029,Product,5918.72,5918.72,509.97,3.03,True,,2024
INV-2024-00335,335,2024-05-30,2024-05-30,CUST-017,VAR-029,Product,3692.14,3692.14,318.12,6.82,True,,2024
INV-2024-00336,336,2024-07-01,2024-07-01,CUST-017,VAR-018,Product,1599.26,1599.26,141.21,5.78,True,,2024
INV-2024-00337,337,2024-08-21,2024-08-21,CUST-004,VAR-025,Product,6531.86,6531.86,761.51,4.35,True,,2024
INV-2024-00338,338,2024-08-21,2024-08-21,CUST-004,VAR-012,Product,4818.16,4818.16,333.71,5.11,True,,2024
INV-2024-00339,339,2024-08-21,2024-08-21,CUST-004,VAR-018,Product,18433.11,18433.11,1627.58,6.84,True,,2024
INV-2024-00340,340,2024-09-06,2024-09-06,CUST-023,VAR-027,Product,3267.56,3267.56,236.76,6.92,True,,2024
INV-2024-00341,341,2024-02-14,2024-02-14,CUST-017,VAR-018,Product,5949.44,5949.44,525.31,1.12,True,,2024
INV-2024-00342,342,2024-05-03,2024-05-03,CUST-017,VAR-030,Product,7727.03,7727.03,952.55,1.21,True,,2024
INV-2024-00343,343,2024-05-03,2024-05-03,CUST-017,VAR-002,Product,5573.41,5573.41,2365.62,2.77,True,,2024
INV-2024-00344,344,2024-08-17,2024-08-17,CUST-017,VAR-029,Product,8213.63,8213.63,707.71,5.25,True,,2024
INV-2024-00345,345,2024-01-17,2024-01-17,CUST-004,VAR-022,Product,10605.32,10605.32,702.14,3.22,True,,2024
INV-2024-00346,346,2024-01-17,2024-01-17,CUST-004,VAR-031,Product,2845.45,2845.45,343.86,6.08,True,,2024
INV-2024-00347,347,2024-09-24,2024-09-24,CUST-017,VAR-017,Product,13995.84,13995.84,721.55,4.39,True,,2024
INV-2024-00348,348,2024-09-24,2024-09-24,CUST-017,VAR-006,Product,2561.99,2561.99,260.99,1.19,True,,2024
INV-2024-00349,349,2024-09-03,2024-09-03,CUST-004,VAR-005,Product,8763.32,8763.32,613.12,4.18,True,,2024
INV-2024-00350,350,2024-05-10,2024-05-10,CUST-017,VAR-009,Product,9655.0,9655.0,698.74,4.63,True,,2024
INV-2024-00351,351,2024-05-10,2024-05-10,CUST-017,VAR-013,Product,1983.52,1983.52,133.78,4.23,True,,2024
INV-2024-00352,352,2024-06-30,2024-06-30,CUST-017,VAR-027,Product,5152.89,5152.89,373.37,5.4,True,,2024
INV-2024-00353,353,2024-06-30,2024-06-30,CUST-017,VAR-022,Product,4577.29,4577.29,303.05,2.0,True,,2024
INV-2024-00354,354,2024-10-07,2024-10-07,CUST-017,VAR-022,Product,2975.4,2975.4,196.99,4.59,True,,2024
INV-2024-00355,355,2024-10-07,2024-10-07,CUST-017,VAR-031,Product,12979.91,12979.91,1568.54,2.52,True,,2024
INV-2024-00356,356,2024-06-18,2024-06-18,CUST-024,VAR-006,Product,4627.37,4627.37,471.39,4.67,True,,2024
INV-2024-00357,357,2024-06-18,2024-06-18,CUST-024,VAR-018,Product,8328.82,8328.82,735.41,6.35,True,,2024
INV-2024-00358,358,2024-03-02,2024-03-02,CUST-017,VAR-023,Product,9990.4,9990.4,1128.42,0.94,True,,2024
INV-2024-00359,359,2024-02-13,2024-02-13,CUST-004,VAR-026,Product,14581.03,14581.03,6189.94,2.6,True,,2024
INV-2024-00360,360,2024-02-13,2024-02-13,CUST-004,VAR-025,Product,14961.67,14961.67,1744.29,3.73,True,,2024
INV-2024-00361,361,2024-12-09,2024-12-09,CUST-017,VAR-016,Product,8959.7,8959.7,1164.04,0.71,True,,2024
INV-2024-00362,362,2024-12-09,2024-12-09,CUST-017,VAR-008,Product,2124.58,2124.58,84.98,7.0,True,,2024
INV-2024-00363,363,2024-12-09,2024-12-09,CUST-017,VAR-001,Product,6127.79,6127.79,283.21,4.2,True,,2024
INV-2024-00364,364,2024-09-30,2024-09-30,CUST-011,VAR-030,Product,13347.33,13347.33,1645.4,0.76,True,,2024
INV-2024-00365,365,2024-09-30,2024-09-30,CUST-011,VAR-020,Product,12737.21,12737.21,4804.62,1.35,True,,2024
INV-2024-00366,366,2024-10-09,2024-10-09,CUST-017,VAR-002,Product,11831.26,11831.26,5021.76,3.11,True,,2024
INV-2024-00367,367,2024-10-09,2024-10-09,CUST-017,VAR-011,Product,12779.6,12779.6,848.84,6.62,True,,2024
INV-2024-00368,368,2024-09-23,2024-09-23,CUST-017,VAR-004,Product,4408.68,4408.68,270.92,7.4,True,,2024
INV-2024-00369,369,2024-09-23,2024-09-23,CUST-017,VAR-014,Product,5254.43,5254.43,610.33,1.4,True,,2024
INV-2024-00370,370,2024-09-23,2024-09-23,CUST-017,VAR-001,Product,13855.32,13855.32,640.35,6.57,True,,2024
INV-2024-00371,371,2024-01-31,2024-01-31,CUST-004,VAR-014,Product,3097.38,3097.38,359.78,4.31,True,,2024
INV-2024-00372,372,2024-01-31,2024-01-31,CUST-004,VAR-026,Product,7169.58,7169.58,3043.63,6.6,True,,2024
INV-2024-00373,373,2024-01-31,2024-01-31,CUST-004,VAR-003,Product,14767.31,14767.31,1524.77,1.57,True,,2024
INV-2024-00374,374,2024-01-24,2024-01-24,CUST-017,VAR-031,Product,17689.16,17689.16,2137.63,3.69,True,,2024
INV-2024-00375,375,2024-09-30,2024-09-30,CUST-003,VAR-024,Product,5727.75,5727.75,570.2,3.52,True,,2024
INV-2024-00376,376,2024-09-30,2024-09-30,CUST-003,VAR-004,Product,9061.78,9061.78,556.86,7.84,True,,2024
INV-2024-00377,377,2024-04-11,2024-04-11,CUST-017,VAR-012,Product,6487.93,6487.93,449.36,7.78,True,,2024
INV-2024-00378,378,2024-11-26,2024-11-26,CUST-017,VAR-025,Product,9131.76,9131.76,1064.62,5.66,True,,2024
INV-2024-00379,379,2024-11-26,2024-11-26,CUST-017,VAR-029,Product,8328.12,8328.12,717.57,1.31,True,,2024
INV-2024-00380,380,2024-04-07,2024-04-07,CUST-017,VAR-022,Product,11215.97,11215.97,742.57,6.87,True,,2024
INV-2024-00381,381,2024-02-29,2024-02-29,CUST-017,VAR-003,Product,9300.21,9300.21,960.27,5.66,True,,2024
INV-2024-00382,382,2024-02-29,2024-02-29,CUST-017,VAR-009,Product,10326.38,10326.38,747.33,1.71,True,,2024
INV-2024-00383,383,2024-02-29,2024-02-29,CUST-017,VAR-012,Product,40410.36,40410.36,2798.86,5.59,True,,2024
INV-2024-00384,384,2024-06-07,2024-06-07,CUST-017,VAR-022,Product,7966.59,7966.59,527.44,4.81,True,,2024
INV-2024-00385,385,2024-08-10,2024-08-10,CUST-027,VAR-013,Product,5109.07,5109.07,344.57,7.3,True,,2024
INV-2024-00386,386,2024-08-10,2024-08-10,CUST-027,VAR-020,Product,10896.69,10896.69,4110.35,1.01,True,,2024
INV-2024-00387,387,2024-01-28,2024-01-28,CUST-004,VAR-020,Product,5676.25,0.0,2141.14,5.81,True,,2024
INV-2024-00388,388,2024-01-28,2024-01-28,CUST-004,VAR-004,Product,6508.92,6508.92,399.99,7.31,True,,2024
INV-2024-00389,389,2024-02-28,2024-02-28,CUST-019,VAR-014,Product,4838.81,4838.81,562.06,1.07,True,,2024
INV-2024-00390,390,2024-01-20,2024-01-20,CUST-025,VAR-014,Product,1051.18,1051.18,122.1,5.97,True,,2024
INV-2024-00391,391,2024-01-20,2024-01-20,CUST-025,VAR-007,Product,6434.4,6434.4,2645.45,4.89,True,,2024
INV-2024-00392,392,2024-03-29,2024-03-29,CUST-017,VAR-007,Product,6505.7,6505.7,2674.77,1.53,True,,2024
INV-2024-00393,393,2024-03-29,2024-03-29,CUST-017,VAR-022,Product,7815.67,7815.67,517.45,5.13,True,,2024
INV-2024-00394,394,2024-11-05,2024-11-05,CUST-017,VAR-021,Product,9526.37,9526.37,687.26,2.79,True,,2024
INV-2024-00395,395,2024-11-05,2024-11-05,CUST-017,VAR-003,Product,17234.24,17234.24,1779.48,2.18,True,,2024
INV-2024-00396,396,2024-11-05,2024-11-05,CUST-017,VAR-018,Product,5693.29,5693.29,502.7,2.19,True,,2024
INV-2024-00397,397,2024-02-07,2024-02-07,CUST-017,VAR-013,Product,15811.63,15811.63,1066.39,5.16,True,,2024
INV-2024-00398,398,2024-02-07,2024-02-07,CUST-017,VAR-030,Product,7333.44,7333.44,904.03,4.0,True,,2024
INV-2024-00399,399,2024-03-15,2024-03-15,CUST-017,VAR-031,Product,9615.48,9615.48,1161.97,4.89,True,,2024
INV-2024-00400,400,2024-03-15,2024-03-15,CUST-017,VAR-009,Product,20999.06,20999.06,1519.73,2.11,True,,2024
INV-2024-00401,401,2024-06-01,2024-06-01,CUST-017,VAR-007,Product,8493.25,8493.25,3491.93,4.65,True,,2024
INV-2024-00402,402,2024-06-01,2024-06-01,CUST-017,VAR-021,Product,2391.78,2391.78,172.55,6.13,True,,2024
INV-2024-00403,403,2024-06-01,2024-06-01,CUST-017,VAR-015,Product,18603.08,18603.08,765.46,4.08,True,,2024
INV-2024-00404,404,2024-06-28,2024-06-28,CUST-017,VAR-018,Product,6828.25,6828.25,602.91,7.29,True,,2024
INV-2024-00405,405,2024-06-28,2024-06-28,CUST-017,VAR-006,Product,4978.65,4978.65,507.18,0.84,True,,2024
INV-2024-00406,406,2024-06-25,2024-06-25,CUST-023,VAR-008,Product,15319.71,15319.71,612.79,0.92,True,,2024
INV-2024-00407,407,2024-11-27,2024-11-27,CUST-017,VAR-016,Product,30356.59,30356.59,3943.93,6.23,True,,2024
INV-2024-00408,408,2024-11-27,2024-11-27,CUST-017,VAR-016,Product,6454.59,6454.59,838.58,0.52,True,,2024
INV-2024-00409,409,2024-09-23,2024-09-23,CUST-017,VAR-014,Product,23824.8,23824.8,2767.39,2.87,True,,2024
INV-2024-00410,410,2024-09-23,2024-09-23,CUST-017,VAR-026,Product,20038.41,20038.41,8506.71,6.45,True,,2024
INV-2024-00411,411,2024-09-23,2024-09-23,CUST-017,VAR-023,Product,1312.76,1312.76,148.28,5.87,True,,2024
INV-2024-00412,412,2024-01-30,2024-01-30,CUST-017,VAR-017,Product,5834.8,5834.8,300.81,2.24,True,,2024
INV-2024-00413,413,2024-02-04,2024-02-04,CUST-026,VAR-003,Product,5976.87,5976.87,617.13,6.22,True,,2024
INV-2024-00414,414,2024-11-11,2024-11-11,CUST-017,VAR-007,Product,1317.07,1317.07,541.5,3.55,True,,2024
INV-2024-00415,415,2024-11-11,2024-11-11,CUST-017,VAR-022,Product,15343.66,15343.66,1015.85,2.58,True,,2024
INV-2024-00416,416,2024-02-29,2024-02-29,CUST-004,VAR-003,Product,7735.76,7735.76,798.74,7.01,True,,2024
INV-2024-00417,417,2024-07-01,2024-07-01,CUST-017,VAR-024,Product,4591.58,4591.58,457.09,5.73,True,,2024
INV-2024-00418,418,2024-07-01,2024-07-01,CUST-017,VAR-021,Product,15268.9,15268.9,1101.54,3.9,True,,2024
INV-2024-00419,419,2024-07-01,2024-07-01,CUST-017,VAR-031,Product,2448.37,2448.37,295.87,2.86,True,,2024
INV-2024-00420,420,2024-02-12,2024-02-12,CUST-003,VAR-027,Product,6134.13,6134.13,444.47,7.94,True,,2024
INV-2024-00421,421,2024-03-23,2024-03-23,CUST-022,VAR-015,Product,9279.82,9279.82,381.83,6.96,True,,2024
INV-2024-00422,422,2024-01-22,2024-01-22,CUST-017,VAR-016,Product,3130.47,3130.47,406.71,6.36,True,,2024
INV-2024-00423,423,2024-12-19,2024-12-19,CUST-010,VAR-027,Product,7644.99,7644.99,553.94,3.02,True,,2024
INV-2024-00424,424,2024-12-19,2024-12-19,CUST-010,VAR-027,Product,6313.72,6313.72,457.48,2.9,True,,2024
INV-2024-00425,425,2024-12-19,2024-12-19,CUST-010,VAR-002,Product,7379.87,7379.87,3132.37,6.9,True,,2024
INV-2024-00426,426,2024-03-28,2024-03-28,CUST-004,VAR-010,Product,3799.68,3799.68,618.9,4.77,True,,2024
INV-2024-00427,427,2024-02-18,2024-02-18,CUST-002,VAR-002,Product,2803.48,2803.48,1189.93,6.15,True,,2024
INV-2024-00428,428,2024-02-18,2024-02-18,CUST-002,VAR-021,Product,1199.26,1199.26,86.52,3.68,True,,2024
INV-2024-00429,429,2024-02-18,2024-02-18,CUST-002,VAR-013,Product,8381.86,8381.86,565.3,5.87,True,,2024
INV-2024-00430,430,2024-11-24,2024-11-24,CUST-022,VAR-001,Product,17051.04,0.0,788.05,0.92,True,,2024
INV-2024-00431,431,2024-09-04,2024-09-04,CUST-011,VAR-017,Product,6262.36,6262.36,322.85,5.9,True,,2024
INV-2024-00432,432,2024-01-09,2024-01-09,CUST-017,VAR-007,Product,12306.18,12306.18,5059.59,2.37,True,,2024
INV-2024-00433,433,2024-06-29,2024-06-29,CUST-023,VAR-013,Product,10879.06,10879.06,733.72,7.54,True,,2024
INV-2024-00434,434,2024-09-09,2024-09-09,CUST-017,VAR-007,Product,8991.39,8991.39,3696.74,3.2,True,,2024
INV-2024-00435,435,2024-09-09,2024-09-09,CUST-017,VAR-025,Product,6892.85,6892.85,803.6,2.96,True,,2024
INV-2025-00436,436,2025-10-24,2025-10-24,CUST-019,VAR-008,Product,9766.71,9766.71,390.67,4.34,True,,2025
INV-2025-00437,437,2025-10-24,2025-10-24,CUST-019,VAR-003,Product,10376.14,10376.14,1071.36,1.02,True,,2025
INV-2025-00438,438,2025-10-24,2025-10-24,CUST-019,VAR-012,Product,2856.79,2856.79,197.86,1.16,True,,2025
INV-2025-00439,439,2025-09-27,2025-09-27,CUST-017,VAR-028,Product,1464.73,1464.73,600.97,6.47,True,,2025
INV-2025-00440,440,2025-06-11,2025-06-11,CUST-017,VAR-029,Product,4581.53,4581.53,394.76,2.58,True,,2025
INV-2025-00441,441,2025-06-11,2025-06-11,CUST-017,VAR-003,Product,1441.99,1441.99,148.89,4.57,True,,2025
INV-2025-00442,442,2025-06-11,2025-06-11,CUST-017,VAR-022,Product,7970.96,7970.96,527.73,2.21,True,,2025
INV-2025-00443,443,2025-10-17,2025-10-17,CUST-025,VAR-005,Product,6844.24,6844.24,478.85,7.67,True,,2025
INV-2025-00444,444,2025-10-17,2025-10-17,CUST-025,VAR-007,Product,7498.16,7498.16,3082.81,7.61,True,,2025
INV-2025-00445,445,2025-09-04,2025-09-04,CUST-017,VAR-013,Product,3687.49,3687.49,248.7,7.26,True,,2025
INV-2025-00446,446,2025-09-04,2025-09-04,CUST-017,VAR-030,Product,12306.31,12306.31,1517.07,5.42,True,,2025
INV-2025-00447,447,2025-09-04,2025-09-04,CUST-017,VAR-005,Product,6695.92,6695.92,468.48,6.18,True,,2025
INV-2025-00448,448,2025-09-12,2025-09-12,CUST-017,VAR-028,Product,5833.38,5833.38,2393.4,6.71,True,,2025
INV-2025-00449,449,2025-12-01,2025-12-01,CUST-011,VAR-003,Product,11338.34,0.0,1170.71,1.27,True,,2025
INV-2025-00450,450,2025-12-01,2025-12-01,CUST-011,VAR-009,Product,12458.61,12458.61,901.64,7.19,True,,2025
INV-2025-00451,451,2025-12-01,2025-12-01,CUST-011,VAR-012,Product,4639.49,4639.49,321.34,0.69,True,,2025
INV-2025-00452,452,2025-11-24,2025-11-24,CUST-004,VAR-005,Product,3226.63,0.0,225.75,1.71,True,,2025
INV-2025-00453,453,2025-11-24,2025-11-24,CUST-004,VAR-001,Product,8256.73,0.0,381.6,6.67,True,,2025
INV-2025-00454,454,2025-09-29,2025-09-29,CUST-017,VAR-017,Product,16203.25,0.0,835.35,1.97,True,,2025
INV-2025-00455,455,2025-09-29,2025-09-29,CUST-017,VAR-015,Product,16100.34,0.0,662.48,6.09,True,,2025
INV-2025-00456,456,2025-11-09,2025-11-09,CUST-017,VAR-018,Product,5972.88,0.0,527.38,7.97,True,,2025
INV-2025-00457,457,2025-11-09,2025-11-09,CUST-017,VAR-026,Product,2828.6,2828.6,1200.8,1.52,True,,2025
INV-2025-00458,458,2025-11-09,2025-11-09,CUST-017,VAR-021,Product,17444.94,17444.94,1258.53,3.24,True,,2025
INV-2025-00459,459,2025-06-02,2025-06-02,CUST-017,VAR-010,Product,9473.98,9473.98,1543.14,0.52,True,,2025
INV-2025-00460,460,2025-02-16,2025-02-16,CUST-017,VAR-007,Product,22656.83,22656.83,9315.17,4.8,True,,2025
INV-2025-00461,461,2025-02-16,2025-02-16,CUST-017,VAR-020,Product,9566.57,9566.57,3608.62,5.78,True,,2025
INV-2025-00462,462,2025-02-16,2025-02-16,CUST-017,VAR-021,Product,14808.7,14808.7,1068.34,5.61,True,,2025
INV-2025-00463,463,2025-05-18,2025-05-18,CUST-017,VAR-013,Product,6987.99,6987.99,471.29,4.76,True,,2025
INV-2025-00464,464,2025-03-13,2025-03-13,CUST-017,VAR-023,Product,8580.57,8580.57,969.18,2.34,True,,2025
INV-2025-00465,465,2025-03-13,2025-03-13,CUST-017,VAR-027,Product,6848.83,6848.83,496.25,5.23,True,,2025
INV-2025-00466,466,2025-03-13,2025-03-13,CUST-017,VAR-011,Product,3809.47,3809.47,253.03,7.67,True,,2025
INV-2025-00467,467,2025-10-03,2025-10-03,CUST-026,VAR-016,Product,12514.93,12514.93,1625.94,0.83,True,,2025
INV-2025-00468,468,2025-10-03,2025-10-03,CUST-026,VAR-031,Product,10783.91,10783.91,1303.17,2.55,True,,2025
INV-2025-00469,469,2025-03-25,2025-03-25,CUST-017,VAR-005,Product,3778.0,3778.0,264.33,3.23,True,,2025
INV-2025-00470,470,2025-03-25,2025-03-25,CUST-017,VAR-005,Product,8435.11,8435.11,590.16,6.1,True,,2025
INV-2025-00471,471,2025-03-25,2025-03-25,CUST-017,VAR-016,Product,6085.56,6085.56,790.64,1.96,True,,2025
INV-2025-00472,472,2025-06-21,2025-06-21,CUST-018,VAR-015,Product,4618.54,4618.54,190.04,3.21,True,,2025
INV-2025-00473,473,2025-06-21,2025-06-21,CUST-018,VAR-014,Product,4436.8,4436.8,515.36,0.76,True,,2025
INV-2025-00474,474,2025-03-31,2025-03-31,CUST-011,VAR-012,Product,3821.73,3821.73,264.7,2.92,True,,2025
INV-2025-00475,475,2025-03-31,2025-03-31,CUST-011,VAR-006,Product,1857.01,1857.01,189.17,7.63,True,,2025
INV-2025-00476,476,2025-08-13,2025-08-13,CUST-017,VAR-029,Product,7405.18,7405.18,638.05,4.79,True,,2025
INV-2025-00477,477,2025-08-13,2025-08-13,CUST-017,VAR-020,Product,1951.62,1951.62,736.17,4.72,True,,2025
INV-2025-00478,478,2025-01-26,2025-01-26,CUST-006,VAR-017,Product,18944.77,18944.77,976.69,1.36,True,,2025
INV-2025-00479,479,2025-01-26,2025-01-26,CUST-006,VAR-012,Product,5666.73,5666.73,392.48,3.02,True,,2025
INV-2025-00480,480,2025-01-26,2025-01-26,CUST-006,VAR-022,Product,6541.8,6541.8,433.11,1.6,True,,2025
INV-2025-00481,481,2025-06-15,2025-06-15,CUST-017,VAR-017,Product,4063.54,4063.54,209.49,3.6,True,,2025
INV-2025-00482,482,2025-06-15,2025-06-15,CUST-017,VAR-020,Product,5827.76,5827.76,2198.29,4.35,True,,2025
INV-2025-00483,483,2025-10-21,2025-10-21,CUST-006,VAR-021,Product,13899.54,13899.54,1002.76,4.06,True,,2025
INV-2025-00484,484,2025-03-22,2025-03-22,CUST-011,VAR-018,Product,6023.64,6023.64,531.87,6.97,True,,2025
INV-2025-00485,485,2025-03-22,2025-03-22,CUST-011,VAR-031,Product,3761.43,3761.43,454.55,1.46,True,,2025
INV-2025-00486,486,2025-03-22,2025-03-22,CUST-011,VAR-028,Product,13009.04,13009.04,5337.53,4.47,True,,2025
INV-2025-00487,487,2025-05-21,2025-05-21,CUST-017,VAR-005,Product,6506.56,6506.56,455.23,6.28,True,,2025
INV-2025-00488,488,2025-05-21,2025-05-21,CUST-017,VAR-026,Product,37072.78,37072.78,15738.15,3.91,True,,2025
INV-2025-00489,489,2025-09-20,2025-09-20,CUST-024,VAR-030,Product,14753.66,14753.66,1818.76,6.02,True,,2025
INV-2025-00490,490,2025-09-20,2025-09-20,CUST-024,VAR-020,Product,7513.74,7513.74,2834.27,4.37,True,,2025
INV-2025-00491,491,2025-03-19,2025-03-19,CUST-017,VAR-017,Product,4908.34,4908.34,253.05,4.88,True,,2025
INV-2025-00492,492,2025-07-28,2025-07-28,CUST-017,VAR-028,Product,12265.6,12265.6,5032.5,2.28,True,,2025
INV-2025-00493,493,2025-07-28,2025-07-28,CUST-017,VAR-009,Product,1601.51,1601.51,115.9,4.73,True,,2025
INV-2025-00494,494,2025-01-13,2025-01-13,CUST-011,VAR-012,Product,14482.66,14482.66,1003.08,6.41,True,,2025
INV-2025-00495,495,2025-01-13,2025-01-13,CUST-011,VAR-003,Product,4901.15,4901.15,506.06,5.66,True,,2025
INV-2025-00496,496,2025-01-13,2025-01-13,CUST-011,VAR-009,Product,6250.81,6250.81,452.38,0.65,True,,2025
INV-2025-00497,497,2025-11-08,2025-11-08,CUST-017,VAR-023,Product,6312.23,6312.23,712.97,2.14,True,,2025
INV-2025-00498,498,2025-07-29,2025-07-29,CUST-004,VAR-026,Product,9406.29,9406.29,3993.16,3.01,True,,2025
INV-2025-00499,499,2025-07-29,2025-07-29,CUST-004,VAR-017,Product,8546.79,8546.79,440.63,2.83,True,,2025
INV-2025-00500,500,2025-07-29,2025-07-29,CUST-004,VAR-030,Product,7132.07,7132.07,879.21,6.27,True,,2025
INV-2025-00501,501,2025-09-24,2025-09-24,CUST-006,VAR-012,Product,7437.64,7437.64,515.14,2.51,True,,2025
INV-2025-00502,502,2025-09-24,2025-09-24,CUST-006,VAR-016,Product,14938.62,14938.62,1940.83,6.22,True,,2025
INV-2025-00503,503,2025-09-24,2025-09-24,CUST-006,VAR-002,Product,7122.04,7122.04,3022.94,5.95,True,,2025
INV-2025-00504,504,2025-09-22,2025-09-22,CUST-017,VAR-011,Product,13666.79,13666.79,907.77,2.91,True,,2025
INV-2025-00505,505,2025-09-22,2025-09-22,CUST-017,VAR-028,Product,3011.8,3011.8,1235.72,6.7,True,,2025
INV-2025-00506,506,2025-04-20,2025-04-20,CUST-006,VAR-017,Product,9143.11,9143.11,471.37,0.61,True,,2025
INV-2025-00507,507,2025-04-20,2025-04-20,CUST-006,VAR-013,Product,8909.69,8909.69,600.9,3.36,True,,2025
INV-2025-00508,508,2025-03-14,2025-03-14,CUST-017,VAR-012,Product,11255.66,11255.66,779.58,6.41,True,,2025
INV-2025-00509,509,2025-11-05,2025-11-05,CUST-017,VAR-022,Product,9170.67,9170.67,607.16,2.01,True,,2025
INV-2025-00510,510,2025-11-05,2025-11-05,CUST-017,VAR-016,Product,11378.3,11378.3,1478.27,7.73,True,,2025
INV-2025-00511,511,2025-11-06,2025-11-06,CUST-017,VAR-008,Product,8107.98,8107.98,324.32,5.83,True,,2025
INV-2025-00512,512,2025-02-24,2025-02-24,CUST-013,VAR-012,Product,7349.44,7349.44,509.03,6.24,True,,2025
INV-2025-00513,513,2025-02-24,2025-02-24,CUST-013,VAR-018,Product,4618.46,4618.46,407.79,7.25,True,,2025
INV-2025-00514,514,2025-11-29,2025-11-29,CUST-017,VAR-003,Product,11373.95,11373.95,1174.39,0.87,True,,2025
INV-2025-00515,515,2025-11-29,2025-11-29,CUST-017,VAR-018,Product,5444.29,0.0,480.71,3.12,True,,2025
INV-2025-00516,516,2025-09-06,2025-09-06,CUST-011,VAR-024,Product,2944.84,2944.84,293.16,3.15,True,,2025
INV-2025-00517,517,2025-07-08,2025-07-08,CUST-007,VAR-002,Product,6354.93,6354.93,2697.34,5.19,True,,2025
INV-2025-00518,518,2025-07-08,2025-07-08,CUST-007,VAR-020,Product,8704.17,8704.17,3283.31,2.12,True,,2025
INV-2025-00519,519,2025-10-19,2025-10-19,CUST-006,VAR-011,Product,10924.56,10924.56,725.62,1.01,True,,2025
INV-2025-00520,520,2025-10-19,2025-10-19,CUST-006,VAR-007,Product,9034.34,9034.34,3714.4,7.83,True,,2025
INV-2025-00521,521,2025-10-19,2025-10-19,CUST-006,VAR-009,Product,17034.79,0.0,1232.83,3.07,True,,2025
INV-2025-00522,522,2025-09-17,2025-09-17,CUST-017,VAR-015,Product,2876.63,2876.63,118.36,2.89,True,,2025
INV-2025-00523,523,2025-08-15,2025-08-15,CUST-017,VAR-023,Product,9627.73,9627.73,1087.46,1.43,True,,2025
INV-2025-00524,524,2025-05-27,2025-05-27,CUST-026,VAR-007,Product,34692.41,34692.41,14263.5,1.08,True,,2025
INV-2025-00525,525,2025-05-27,2025-05-27,CUST-026,VAR-016,Product,3875.31,3875.31,503.48,7.28,True,,2025
INV-2025-00526,526,2025-05-27,2025-05-27,CUST-026,VAR-023,Product,12634.03,12634.03,1427.02,7.3,True,,2025
INV-2025-00527,527,2025-11-30,2025-11-30,CUST-003,VAR-016,Product,4368.55,4368.55,567.56,3.48,True,,2025
INV-2025-00528,528,2025-11-30,2025-11-30,CUST-003,VAR-027,Product,11979.78,0.0,868.03,4.59,True,,2025
INV-2025-00529,529,2025-12-14,2025-12-14,CUST-004,VAR-014,Product,3747.78,0.0,435.33,3.4,True,,2025
INV-2025-00530,530,2025-12-14,2025-12-14,CUST-004,VAR-002,Product,7399.25,0.0,3140.6,0.85,True,,2025
INV-2025-00531,531,2025-12-14,2025-12-14,CUST-004,VAR-004,Product,5658.26,0.0,347.71,4.8,True,,2025
INV-2025-00532,532,2025-09-05,2025-09-05,CUST-017,VAR-012,Product,43728.85,43728.85,3028.7,2.14,True,,2025
INV-2025-00533,533,2025-12-09,2025-12-09,CUST-022,VAR-021,Product,4399.75,4399.75,317.41,5.5,True,,2025
INV-2025-00534,534,2025-05-18,2025-05-18,CUST-011,VAR-025,Product,4343.17,4343.17,506.34,4.5,True,,2025
INV-2025-00535,535,2025-05-18,2025-05-18,CUST-011,VAR-031,Product,5200.77,5200.77,628.48,6.92,True,,2025
INV-2025-00536,536,2025-05-08,2025-05-08,CUST-019,VAR-028,Product,5243.93,5243.93,2151.55,3.63,True,,2025
INV-2025-00537,537,2025-04-07,2025-04-07,CUST-009,VAR-023,Product,2062.65,2062.65,232.98,1.7,True,,2025
INV-2025-00538,538,2025-10-18,2025-10-18,CUST-017,VAR-011,Product,10003.06,10003.06,664.42,1.47,True,,2025
INV-2025-00539,539,2025-10-18,2025-10-18,CUST-017,VAR-004,Product,9876.83,9876.83,606.95,6.54,True,,2025
INV-2025-00540,540,2025-10-18,2025-10-18,CUST-017,VAR-026,Product,5260.6,5260.6,2233.23,6.57,True,,2025
INV-2025-00541,541,2025-02-04,2025-02-04,CUST-017,VAR-009,Product,33844.33,33844.33,2449.35,7.61,True,,2025
INV-2025-00542,542,2025-02-04,2025-02-04,CUST-017,VAR-011,Product,7479.14,7479.14,496.77,4.01,True,,2025
INV-2025-00543,543,2025-02-04,2025-02-04,CUST-017,VAR-011,Product,15793.82,15793.82,1049.05,5.24,True,,2025
INV-2025-00544,544,2025-06-04,2025-06-04,CUST-017,VAR-010,Product,9735.14,9735.14,1585.68,3.79,True,,2025
INV-2025-00545,545,2025-06-04,2025-06-04,CUST-017,VAR-022,Product,13354.38,13354.38,884.15,1.22,True,,2025
INV-2025-00546,546,2025-06-04,2025-06-04,CUST-017,VAR-017,Product,23307.92,23307.92,1201.63,6.65,True,,2025
INV-2025-00547,547,2025-05-11,2025-05-11,CUST-017,VAR-020,Product,1332.29,1332.29,502.55,0.71,True,,2025
INV-2025-00548,548,2025-04-22,2025-04-22,CUST-017,VAR-012,Product,5435.97,5435.97,376.5,6.5,True,,2025
INV-2025-00549,549,2025-04-22,2025-04-22,CUST-017,VAR-030,Product,4822.2,4822.2,594.46,4.11,True,,2025
INV-2025-00550,550,2025-04-22,2025-04-22,CUST-017,VAR-020,Product,4620.91,4620.91,1743.06,6.77,True,,2025
INV-2025-00551,551,2025-11-16,2025-11-16,CUST-011,VAR-015,Product,6912.86,6912.86,284.44,1.26,True,,2025
INV-2025-00552,552,2025-03-11,2025-03-11,CUST-004,VAR-019,Product,6762.0,6762.0,270.48,2.86,True,,2025
INV-2025-00553,553,2025-01-15,2025-01-15,CUST-006,VAR-021,Product,1225.62,1225.62,88.42,3.23,True,,2025
INV-2025-00554,554,2025-01-15,2025-01-15,CUST-006,VAR-013,Product,10407.24,10407.24,701.9,5.16,True,,2025
INV-2025-00555,555,2025-03-20,2025-03-20,CUST-018,VAR-003,Product,9386.53,9386.53,969.18,7.28,True,,2025
INV-2025-00556,556,2025-05-10,2025-05-10,CUST-004,VAR-020,Product,18555.64,18555.64,6999.39,5.73,True,,2025
INV-2025-00557,557,2025-05-10,2025-05-10,CUST-004,VAR-005,Product,13927.96,13927.96,974.46,0.8,True,,2025
INV-2025-00558,558,2025-09-07,2025-09-07,CUST-017,VAR-024,Product,3750.96,3750.96,373.41,6.52,True,,2025
INV-2025-00559,559,2025-01-17,2025-01-17,CUST-004,VAR-006,Product,2589.32,2589.32,263.77,1.51,True,,2025
INV-2025-00560,560,2025-01-17,2025-01-17,CUST-004,VAR-029,Product,4005.68,4005.68,345.14,6.66,True,,2025
INV-2025-00561,561,2025-01-04,2025-01-04,CUST-011,VAR-013,Product,8168.43,8168.43,550.91,4.35,True,,2025
INV-2025-00562,562,2025-12-05,2025-12-05,CUST-003,VAR-012,Product,4892.83,0.0,338.88,7.46,True,,2025
INV-2025-00563,563,2025-12-05,2025-12-05,CUST-003,VAR-021,Product,1520.37,1520.37,109.68,6.54,True,,2025
INV-2025-00564,564,2025-12-05,2025-12-05,CUST-003,VAR-016,Product,1510.58,1510.58,196.25,2.33,True,,2025
INV-2025-00565,565,2025-09-16,2025-09-16,CUST-025,VAR-014,Product,11890.4,11890.4,1381.14,6.57,True,,2025
INV-2025-00566,566,2025-09-16,2025-09-16,CUST-025,VAR-004,Product,1575.76,1575.76,96.83,4.74,True,,2025
INV-2025-00567,567,2025-04-04,2025-04-04,CUST-019,VAR-004,Product,10326.06,10326.06,634.56,6.55,True,,2025
INV-2025-00568,568,2025-04-04,2025-04-04,CUST-019,VAR-024,Product,3333.99,3333.99,331.9,2.59,True,,2025
INV-2025-00569,569,2025-04-04,2025-04-04,CUST-019,VAR-011,Product,10512.52,10512.52,698.26,4.93,True,,2025
INV-2025-00570,570,2025-06-04,2025-06-04,CUST-011,VAR-021,Product,1625.64,1625.64,117.28,2.11,True,,2025
INV-2025-00571,571,2025-06-04,2025-06-04,CUST-011,VAR-026,Product,3563.42,3563.42,1512.74,5.23,True,,2025
INV-2025-00572,572,2025-06-04,2025-06-04,CUST-011,VAR-029,Product,13547.81,13547.81,1167.31,5.72,True,,2025
INV-2025-00573,573,2025-07-07,2025-07-07,CUST-017,VAR-018,Product,972.95,972.95,85.91,6.09,True,,2025
INV-2025-00574,574,2025-07-07,2025-07-07,CUST-017,VAR-023,Product,10057.62,10057.62,1136.01,2.33,True,,2025
INV-2025-00575,575,2025-05-15,2025-05-15,CUST-009,VAR-008,Product,4495.3,4495.3,179.81,5.17,True,,2025
INV-2025-00576,576,2025-05-15,2025-05-15,CUST-009,VAR-001,Product,10789.72,10789.72,498.67,4.77,True,,2025
INV-2025-00577,577,2025-11-03,2025-11-03,CUST-017,VAR-022,Product,18103.47,18103.47,1198.57,1.82,True,,2025
INV-2025-00578,578,2025-11-03,2025-11-03,CUST-017,VAR-009,Product,6332.64,6332.64,458.3,2.71,True,,2025
INV-2025-00579,579,2025-03-08,2025-03-08,CUST-017,VAR-029,Product,8543.44,8543.44,736.12,2.48,True,,2025
INV-2025-00580,580,2025-04-26,2025-04-26,CUST-008,VAR-020,Product,10919.5,10919.5,4118.96,2.24,True,,2025
INV-2025-00581,581,2025-04-26,2025-04-26,CUST-008,VAR-027,Product,7475.81,7475.81,541.68,4.73,True,,2025
INV-2025-00582,582,2025-02-22,2025-02-22,CUST-022,VAR-006,Product,16115.18,16115.18,1641.66,0.59,True,,2025
INV-2025-00583,583,2025-02-22,2025-02-22,CUST-022,VAR-001,Product,8132.13,8132.13,375.84,6.0,True,,2025
INV-2025-00584,584,2025-08-07,2025-08-07,CUST-011,VAR-023,Product,4767.29,4767.29,538.47,4.34,True,,2025
INV-2025-00585,585,2025-08-07,2025-08-07,CUST-011,VAR-024,Product,2453.6,2453.6,244.26,2.18,True,,2025
INV-2025-00586,586,2025-10-13,2025-10-13,CUST-017,VAR-018,Product,3711.25,3711.25,327.69,3.16,True,,2025
INV-2025-00587,587,2025-10-13,2025-10-13,CUST-017,VAR-008,Product,4122.4,4122.4,164.9,7.05,True,,2025
INV-2025-00588,588,2025-10-13,2025-10-13,CUST-017,VAR-031,Product,7134.92,0.0,862.21,6.25,True,,2025
INV-2025-00589,589,2025-02-26,2025-02-26,CUST-021,VAR-027,Product,14350.81,14350.81,1039.83,5.56,True,,2025
INV-2025-00590,590,2025-02-26,2025-02-26,CUST-021,VAR-013,Product,4353.8,4353.8,293.63,3.31,True,,2025
INV-2025-00591,591,2025-04-26,2025-04-26,CUST-017,VAR-013,Product,12717.97,12717.97,857.74,0.67,True,,2025
INV-2025-00592,592,2025-04-26,2025-04-26,CUST-017,VAR-006,Product,6062.61,6062.61,617.6,7.75,True,,2025
INV-2025-00593,593,2025-04-20,2025-04-20,CUST-006,VAR-008,Product,2762.66,2762.66,110.51,4.89,True,,2025
INV-2025-00594,594,2025-07-27,2025-07-27,CUST-017,VAR-003,Product,3531.9,3531.9,364.68,6.36,True,,2025
INV-2025-00595,595,2025-05-06,2025-05-06,CUST-013,VAR-022,Product,6171.88,6171.88,408.62,1.89,True,,2025
INV-2025-00596,596,2025-08-31,2025-08-31,CUST-011,VAR-010,Product,3395.34,3395.34,553.04,6.3,True,,2025
INV-2025-00597,597,2025-08-31,2025-08-31,CUST-011,VAR-015,Product,1005.64,1005.64,41.38,2.86,True,,2025
INV-2025-00598,598,2025-03-04,2025-03-04,CUST-011,VAR-007,Product,11873.04,11873.04,4881.5,6.04,True,,2025
INV-2025-00599,599,2025-03-04,2025-03-04,CUST-011,VAR-004,Product,6326.44,6326.44,388.77,1.78,True,,2025
INV-2025-00600,600,2025-04-26,2025-04-26,CUST-017,VAR-017,Product,14951.87,14951.87,770.84,7.07,True,,2025
INV-2025-00601,601,2025-04-26,2025-04-26,CUST-017,VAR-009,Product,17913.63,17913.63,1296.43,6.38,True,,2025
INV-2025-00602,602,2025-04-26,2025-04-26,CUST-017,VAR-027,Product,8358.71,8358.71,605.66,6.94,True,,2025
INV-2025-00603,603,2025-08-08,2025-08-08,CUST-015,VAR-003,Product,2861.08,2861.08,295.41,5.68,True,,2025
INV-2025-00604,604,2025-08-08,2025-08-08,CUST-015,VAR-008,Product,6534.64,6534.64,261.39,2.89,True,,2025
INV-2025-00605,605,2025-07-28,2025-07-28,CUST-017,VAR-007,Product,4174.79,4174.79,1716.43,6.04,True,,2025
INV-2025-00606,606,2025-02-18,2025-02-18,CUST-017,VAR-011,Product,8322.71,8322.71,552.81,5.73,True,,2025
INV-2025-00607,607,2025-02-18,2025-02-18,CUST-017,VAR-001,Product,1906.8,1906.8,88.13,4.64,True,,2025
INV-2025-00608,608,2025-12-19,2025-12-19,CUST-017,VAR-011,Product,15303.44,15303.44,1016.48,6.26,True,,2025
INV-2025-00609,609,2025-12-19,2025-12-19,CUST-017,VAR-014,Product,13129.58,0.0,1525.08,4.57,True,,2025
INV-2025-00610,610,2025-09-26,2025-09-26,CUST-022,VAR-029,Product,11089.22,11089.22,955.48,1.09,True,,2025
INV-2025-00611,611,2025-11-30,2025-11-30,CUST-023,VAR-022,Product,16393.1,0.0,1085.33,7.6,True,,2025
INV-2025-00612,612,2025-11-30,2025-11-30,CUST-023,VAR-018,Product,11037.78,11037.78,974.6,6.04,True,,2025
INV-2025-00613,613,2025-04-19,2025-04-19,CUST-004,VAR-031,Product,4013.9,4013.9,485.06,0.97,True,,2025
INV-2025-00614,614,2025-04-19,2025-04-19,CUST-004,VAR-026,Product,18934.28,18934.28,8037.99,0.87,True,,2025
INV-2025-00615,615,2025-04-19,2025-04-19,CUST-004,VAR-010,Product,5790.93,5790.93,943.24,3.67,True,,2025
INV-2025-00616,616,2025-08-20,2025-08-20,CUST-024,VAR-023,Product,17266.4,17266.4,1950.25,5.47,True,,2025
INV-2025-00617,617,2025-08-20,2025-08-20,CUST-024,VAR-007,Product,13151.73,13151.73,5407.23,6.22,True,,2025
INV-2025-00618,618,2025-10-17,2025-10-17,CUST-017,VAR-011,Product,10973.15,10973.15,728.85,2.5,True,,2025
INV-2025-00619,619,2025-11-09,2025-11-09,CUST-017,VAR-025,Product,3843.14,3843.14,448.05,7.69,True,,2025
INV-2025-00620,620,2025-11-09,2025-11-09,CUST-017,VAR-027,Product,4783.37,4783.37,346.59,5.73,True,,2025
INV-2025-00621,621,2025-11-03,2025-11-03,CUST-004,VAR-030,Product,28204.56,0.0,3476.93,7.03,True,,2025
INV-2025-00622,622,2025-11-03,2025-11-03,CUST-004,VAR-029,Product,5793.29,0.0,499.16,3.66,True,,2025
INV-2025-00623,623,2025-11-03,2025-11-03,CUST-004,VAR-020,Product,5643.27,5643.27,2128.7,3.97,True,,2025
INV-2025-00624,624,2025-05-21,2025-05-21,CUST-017,VAR-008,Product,11787.64,11787.64,471.51,3.69,True,,2025
INV-2025-00625,625,2025-10-24,2025-10-24,CUST-017,VAR-013,Product,14676.5,0.0,989.83,0.63,True,,2025
INV-2025-00626,626,2025-10-24,2025-10-24,CUST-017,VAR-019,Product,3067.32,3067.32,122.69,6.2,True,,2025
INV-2025-00627,627,2025-10-24,2025-10-24,CUST-017,VAR-022,Product,13586.69,13586.69,899.53,5.36,True,,2025
INV-2025-00628,628,2025-01-11,2025-01-11,CUST-004,VAR-020,Product,16746.39,16746.39,6316.92,6.49,True,,2025
INV-2025-00629,629,2025-01-11,2025-01-11,CUST-004,VAR-025,Product,6916.52,6916.52,806.36,2.89,True,,2025
INV-2025-00630,630,2025-11-25,2025-11-25,CUST-011,VAR-015,Product,10075.98,10075.98,414.59,7.26,True,,2025
INV-2025-00631,631,2025-11-25,2025-11-25,CUST-011,VAR-007,Product,8023.99,8023.99,3299.0,4.03,True,,2025
INV-2025-00632,632,2025-11-25,2025-11-25,CUST-011,VAR-015,Product,11569.76,11569.76,476.06,4.3,True,,2025
INV-2025-00633,633,2025-07-15,2025-07-15,CUST-017,VAR-003,Product,6725.37,6725.37,694.41,1.11,True,,2025
INV-2025-00634,634,2025-10-22,2025-10-22,CUST-017,VAR-006,Product,10063.38,10063.38,1025.16,4.92,True,,2025
INV-2025-00635,635,2025-10-22,2025-10-22,CUST-017,VAR-017,Product,4053.4,4053.4,208.97,1.43,True,,2025
INV-2025-00636,636,2025-04-19,2025-04-19,CUST-017,VAR-009,Product,11592.63,11592.63,838.97,4.5,True,,2025
INV-2025-00637,637,2025-04-19,2025-04-19,CUST-017,VAR-013,Product,9816.39,9816.39,662.05,1.65,True,,2025
INV-2025-00638,638,2025-04-19,2025-04-19,CUST-017,VAR-023,Product,4560.73,4560.73,515.14,1.23,True,,2025
INV-2025-00639,639,2025-01-25,2025-01-25,CUST-017,VAR-030,Product,3793.0,3793.0,467.58,7.48,True,,2025
INV-2025-00640,640,2025-01-11,2025-01-11,CUST-017,VAR-027,Product,10438.25,10438.25,756.34,6.27,True,,2025
INV-2025-00641,641,2025-01-11,2025-01-11,CUST-017,VAR-026,Product,3815.55,3815.55,1619.78,1.27,True,,2025
INV-2025-00642,642,2025-01-11,2025-01-11,CUST-017,VAR-001,Product,12659.2,12659.2,585.07,3.36,True,,2025
INV-2025-00643,643,2025-02-25,2025-02-25,CUST-017,VAR-019,Product,2552.1,2552.1,102.08,3.08,True,,2025
INV-2025-00644,644,2025-02-25,2025-02-25,CUST-017,VAR-009,Product,9673.85,9673.85,700.11,6.56,True,,2025
INV-2025-00645,645,2025-02-25,2025-02-25,CUST-017,VAR-023,Product,1055.4,1055.4,119.21,5.14,True,,2025
INV-2025-00646,646,2025-05-16,2025-05-16,CUST-026,VAR-011,Product,4206.14,4206.14,279.38,0.68,True,,2025
INV-2025-00647,647,2025-05-16,2025-05-16,CUST-026,VAR-028,Product,4524.59,4524.59,1856.41,1.14,True,,2025
INV-2025-00648,648,2025-05-16,2025-05-16,CUST-026,VAR-010,Product,16060.77,16060.77,2616.01,7.91,True,,2025
INV-2025-00649,649,2025-09-11,2025-09-11,CUST-017,VAR-028,Product,1552.65,1552.65,637.04,3.28,True,,2025
INV-2025-00650,650,2025-11-15,2025-11-15,CUST-017,VAR-003,Product,6105.65,0.0,630.43,6.83,True,,2025
INV-2025-00651,651,2025-01-13,2025-01-13,CUST-017,VAR-017,Product,5557.69,5557.69,286.52,0.99,True,,2025
INV-2025-00652,652,2025-01-24,2025-01-24,CUST-027,VAR-014,Product,12681.61,12681.61,1473.04,5.62,True,,2025
INV-2025-00653,653,2025-01-24,2025-01-24,CUST-027,VAR-008,Product,10608.53,10608.53,424.34,6.78,True,,2025
INV-2025-00654,654,2025-09-24,2025-09-24,CUST-025,VAR-023,Product,4551.16,4551.16,514.06,1.65,True,,2025
INV-2025-00655,655,2025-05-20,2025-05-20,CUST-017,VAR-021,Product,1969.46,1969.46,142.08,4.19,True,,2025
INV-2025-00656,656,2025-05-20,2025-05-20,CUST-017,VAR-029,Product,6300.12,6300.12,542.83,0.87,True,,2025
INV-2025-00657,657,2025-05-20,2025-05-20,CUST-017,VAR-001,Product,14733.77,14733.77,680.95,1.49,True,,2025
INV-2025-00658,658,2025-11-24,2025-11-24,CUST-004,VAR-003,Product,7838.12,7838.12,809.31,5.31,True,,2025
INV-2025-00659,659,2025-11-24,2025-11-24,CUST-004,VAR-015,Product,12690.51,12690.51,522.17,6.61,True,,2025
INV-2025-00660,660,2025-03-17,2025-03-17,CUST-017,VAR-008,Product,2707.89,2707.89,108.32,4.93,True,,2025
INV-2025-00661,661,2025-01-14,2025-01-14,CUST-011,VAR-006,Product,4038.31,4038.31,411.38,6.9,True,,2025
INV-2025-00662,662,2025-09-23,2025-09-23,CUST-017,VAR-005,Product,9316.62,9316.62,651.83,6.55,True,,2025
INV-2025-00663,663,2025-09-23,2025-09-23,CUST-017,VAR-019,Product,39107.41,39107.41,1564.3,4.01,True,,2025
INV-2025-00664,664,2025-02-20,2025-02-20,CUST-017,VAR-020,Product,14566.3,14566.3,5494.57,7.38,True,,2025
INV-2025-00665,665,2025-02-20,2025-02-20,CUST-017,VAR-031,Product,5929.48,5929.48,716.54,3.76,True,,2025
INV-2025-00666,666,2025-02-20,2025-02-20,CUST-017,VAR-022,Product,2971.06,2971.06,196.7,7.27,True,,2025
INV-2025-00667,667,2025-11-23,2025-11-23,CUST-022,VAR-011,Product,18689.7,0.0,1241.4,5.8,True,,2025
INV-2025-00668,668,2025-11-23,2025-11-23,CUST-022,VAR-028,Product,5552.67,0.0,2278.23,2.95,True,,2025
INV-2025-00669,669,2025-11-23,2025-11-23,CUST-022,VAR-007,Product,3141.19,3141.19,1291.47,7.36,True,,2025
INV-2025-00670,670,2025-03-01,2025-03-01,CUST-017,VAR-014,Product,16395.16,16395.16,1904.39,4.99,True,,2025
INV-2025-00671,671,2025-09-29,2025-09-29,CUST-004,VAR-016,Product,10209.09,0.0,1326.36,1.05,True,,2025
INV-2025-00672,672,2025-09-29,2025-09-29,CUST-004,VAR-009,Product,15761.57,15761.57,1140.68,1.41,True,,2025
INV-2025-00673,673,2025-09-29,2025-09-29,CUST-004,VAR-028,Product,8960.34,8960.34,3676.37,2.05,True,,2025
